,Length,B14_5,B15_5,B17_5,B20,B34,C14_5,C15_5,C17_5,C20,C34
ENSMUSG00000077223,128,0,0,0,0,0,0,0,0,0,0
ENSMUSG00000044387,414,0,0,0,0,3,0,0,0,0,0
ENSMUSG00000033863,4815,46,60,188,449,4375,54,88,85,189,2934
ENSMUSG00000080626,121,0,0,0,0,3,0,0,0,0,1
ENSMUSG00000006456,3910,740,826,651,474,298,468,673,507,520,310
ENSMUSG00000095913,663,15,10,8,12,5,16,7,9,5,8
ENSMUSG00000025075,3193,1,5,9,1,0,1,0,5,4,0
ENSMUSG00000034108,1782,194,167,180,162,144,191,191,226,176,203
ENSMUSG00000067872,3163,9,10,16,27,43,12,12,19,30,4
ENSMUSG00000083282,5041,277,357,419,446,699,450,479,573,610,1262
ENSMUSG00000006457,2901,6,5,9,22,14,24,29,22,43,13
ENSMUSG00000024943,6788,1445,1164,987,1079,740,2046,1213,786,1134,1009
ENSMUSG00000117837,429,0,0,0,0,3,0,0,0,0,0
ENSMUSG00000118919,107,0,0,0,0,0,0,0,0,0,0
ENSMUSG00000006463,2916,257,299,291,271,375,247,268,273,307,316
ENSMUSG00000033207,3458,50,54,67,80,64,54,69,75,133,81
ENSMUSG00000118092,1143,0,0,0,0,0,0,0,0,1,1
ENSMUSG00000117850,472,0,0,1,0,0,0,0,0,0,0
ENSMUSG00000033053,875,13,8,8,13,12,14,14,10,14,8
ENSMUSG00000117944,382,0,0,0,0,0,1,0,0,0,0
ENSMUSG00000044424,571,2367,2069,1985,1799,727,1856,1776,2106,1334,627
ENSMUSG00000088027,102,0,0,0,0,0,0,0,0,0,0
ENSMUSG00000098010,993,0,0,0,0,0,0,0,0,0,0
ENSMUSG00000051255,633,915,611,669,636,388,838,543,620,549,398
ENSMUSG00000074925,12810,881,717,635,639,940,1036,812,321,791,1492
ENSMUSG00000117685,669,0,0,0,0,0,0,0,0,0,0
ENSMUSG00000006464,7674,651,657,732,715,951,682,752,719,824,614
ENSMUSG00002074886,110,0,0,0,0,0,1,1,0,1,0
ENSMUSG00000024897,6885,1024,1568,2693,3626,5289,2010,2730,4600,5282,2813
ENSMUSG00000118287,280,0,0,1,2,2,0,0,1,0,0
ENSMUSG00000118340,1701,16,21,16,13,9,18,26,16,17,10
ENSMUSG00000071604,2886,51,71,74,151,200,159,151,214,238,233
ENSMUSG00000117820,229,0,0,0,0,0,0,0,0,0,0
ENSMUSG00000096796,659,0,0,0,0,0,0,0,0,0,0
ENSMUSG00000063904,7753,968,821,666,642,661,914,892,948,892,572
ENSMUSG00000024812,6199,633,493,493,481,528,560,596,342,599,855
ENSMUSG00000118277,328,0,0,0,0,0,0,0,0,0,1
ENSMUSG00000118371,532,0,0,0,0,0,1,0,0,0,0
ENSMUSG00000024901,4720,158,215,273,302,287,226,230,295,222,409
ENSMUSG00000059363,2053,153,132,112,100,68,95,136,132,149,65
ENSMUSG00000082107,1111,1776,1497,1064,986,301,1455,943,705,698,317
ENSMUSG00000024902,3229,543,528,525,547,354,578,513,740,501,363
ENSMUSG00000045903,4136,77,111,213,254,375,126,192,298,253,194
ENSMUSG00000118364,1757,30,33,76,101,45,48,65,67,91,21
ENSMUSG00000117723,415,0,0,0,1,2,2,0,0,1,0
ENSMUSG00000024867,4035,58,37,89,69,180,48,72,41,48,522
ENSMUSG00000085003,684,0,0,0,0,2,0,0,0,0,0
ENSMUSG00000074922,855,159,211,201,214,179,134,177,205,211,98
ENSMUSG00000048572,5034,52,54,88,52,57,75,150,36,101,50
ENSMUSG00000041731,3611,52,68,154,64,37,150,253,36,153,76
ENSMUSG00000097950,971,0,0,0,0,0,1,0,0,0,0
ENSMUSG00000117934,262,0,0,0,0,0,0,0,0,0,0
ENSMUSG00000058927,946,1242,1101,962,1189,2288,1455,1109,1617,1443,2820
ENSMUSG00000051490,1962,0,0,0,0,0,5,13,4,3,1
ENSMUSG00000049134,5507,13,15,12,18,7,21,21,28,28,4
ENSMUSG00000024891,3018,213,232,294,338,266,142,214,381,412,180
ENSMUSG00000090990,452,1,0,1,0,0,0,0,0,0,0
ENSMUSG00000047379,2306,1,4,6,8,10,4,1,7,15,8
ENSMUSG00000024878,2911,218,166,106,107,139,192,118,101,81,152
ENSMUSG00000117789,3572,2,0,2,0,1,3,2,2,0,2
ENSMUSG00000119558,69,0,0,0,0,0,0,0,0,0,0
ENSMUSG00002075381,132,0,0,0,0,0,0,0,0,0,0
ENSMUSG00000025076,4403,169,161,128,173,114,141,183,214,238,44
ENSMUSG00000080268,1750,5,7,3,3,1,4,0,2,2,6
ENSMUSG00000052085,10070,20,13,45,50,74,25,21,24,40,60
ENSMUSG00000024883,4820,64,63,74,88,595,72,72,42,41,41
ENSMUSG00000065634,132,0,0,0,0,0,0,0,0,0,0
ENSMUSG00000056481,2605,242,259,470,271,116,249,507,175,258,42
ENSMUSG00000061451,4807,69,168,371,590,2821,106,302,1067,1193,1404
ENSMUSG00000117893,1421,6,8,6,13,10,7,14,14,19,8
ENSMUSG00000032702,6166,106,109,160,176,642,161,199,150,286,557
ENSMUSG00000118238,790,669,557,623,527,316,419,449,459,367,125
ENSMUSG00000064843,104,0,0,0,0,0,0,0,0,0,0
ENSMUSG00000117720,545,0,0,0,0,0,0,0,0,0,0
ENSMUSG00000024837,2594,8,2,0,0,1,1,0,0,0,0
ENSMUSG00000042372,2445,115,54,17,17,1,2,0,5,0,0
ENSMUSG00000048138,2337,23,25,25,43,40,0,7,2,6,0
ENSMUSG00000098105,998,6,5,6,4,6,2,4,2,5,9
ENSMUSG00000118016,521,0,0,0,0,0,0,0,0,0,0
ENSMUSG00000117950,1123,0,0,0,1,1,0,0,0,0,0
ENSMUSG00000084589,125,0,0,0,0,0,1,0,0,0,0
ENSMUSG00000024875,1889,201,178,146,142,142,119,159,146,208,238
ENSMUSG00000118005,611,0,0,0,0,0,0,0,0,0,0
ENSMUSG00000117707,505,0,0,0,0,0,0,0,0,0,0
ENSMUSG00000118001,503,0,0,0,1,1,1,0,0,1,0
ENSMUSG00000117803,178,0,0,0,0,0,0,0,0,0,0
ENSMUSG00000025078,8718,763,598,546,538,329,666,490,311,501,546
ENSMUSG00000114682,608,0,0,0,0,0,0,1,0,0,1
ENSMUSG00000117890,658,0,0,0,0,0,0,0,0,0,0
ENSMUSG00000035283,3382,28,41,42,78,253,9,10,41,45,42
ENSMUSG00000024873,1369,1713,2458,2631,2691,2595,1366,2557,4549,2792,407
ENSMUSG00000067063,348,0,1,2,0,0,0,1,0,0,1
ENSMUSG00000035173,6899,1029,940,1075,917,912,1186,814,452,693,1075
ENSMUSG00000024870,2272,1556,1563,1417,1516,1546,1125,1332,1497,1454,1125
ENSMUSG00000024862,4134,991,1219,1320,1551,2542,1399,1479,2132,1903,2827
ENSMUSG00000117710,1292,14,12,22,24,9,13,16,23,24,14
ENSMUSG00000117729,1233,21,30,44,40,33,61,53,93,69,15
ENSMUSG00000024855,6027,1139,1454,1884,2083,1593,1573,1904,2345,2599,643
ENSMUSG00002076406,106,0,0,0,1,0,0,0,0,0,0
ENSMUSG00000118104,213,0,2,0,0,0,0,0,0,0,0
ENSMUSG00000024853,6822,5359,4611,4121,3843,3133,5315,4155,4386,3486,3377
ENSMUSG00000118243,833,2,0,1,1,3,4,4,0,3,6
ENSMUSG00000047658,2421,162,192,223,289,374,137,229,333,291,174
ENSMUSG00000118009,193,0,0,0,0,0,0,0,0,0,0
ENSMUSG00000117807,1454,2,3,3,4,2,5,2,3,8,6
ENSMUSG00000038498,2188,0,0,0,0,1,0,0,0,0,0
ENSMUSG00000024846,4090,1,3,14,11,35,4,10,17,21,24
ENSMUSG00000118610,163,0,0,0,0,0,1,0,1,0,0
ENSMUSG00000025081,5443,15,28,44,33,15,22,21,60,39,10
ENSMUSG00000024844,1496,929,1010,793,848,411,583,766,1012,758,369
ENSMUSG00000024841,2792,447,353,211,214,241,394,297,323,227,270
ENSMUSG00000025082,4049,11,14,22,12,1,10,19,19,15,0
ENSMUSG00000039148,5902,1185,1148,1115,943,656,1432,1030,1269,945,878
ENSMUSG00000117959,1266,6,6,7,15,11,7,6,10,16,9
ENSMUSG00000039330,1726,0,3,1,1,3,2,2,2,0,2
ENSMUSG00000051133,195,0,0,0,0,0,0,0,0,0,0
ENSMUSG00000024914,1741,1498,1801,1737,1669,1134,1158,1531,2574,1573,911
ENSMUSG00000047423,1542,386,434,410,399,479,294,478,527,461,387
ENSMUSG00002076078,66,0,0,0,0,0,0,0,0,0,0
ENSMUSG00000117771,728,694,527,410,487,323,412,439,560,511,331
ENSMUSG00000117845,173,0,0,0,0,0,0,0,0,0,0
ENSMUSG00000024912,2033,2,2,4,2,3,1,3,3,1,2
ENSMUSG00000095098,4715,255,315,291,411,548,236,339,504,411,477
ENSMUSG00000025083,5675,121,160,343,297,390,176,265,282,358,899
ENSMUSG00000024911,4133,663,717,549,601,316,530,732,794,709,459
ENSMUSG00000024910,1887,35,26,15,16,14,35,28,36,18,15
ENSMUSG00000024909,3788,223,235,230,221,128,203,298,246,278,168
ENSMUSG00000024906,3567,434,443,372,337,241,369,400,426,339,594
ENSMUSG00000117966,455,2,3,2,1,0,2,1,5,3,1
ENSMUSG00000056201,2844,14980,13839,14632,14550,12815,11439,13663,16937,12576,6827
ENSMUSG00000056185,3554,684,926,1008,926,990,936,1107,1541,1230,1394
ENSMUSG00000100937,1021,30,29,38,29,29,33,36,19,48,39
ENSMUSG00000024922,3488,3,3,1,1,1,3,2,2,4,2
ENSMUSG00000117861,712,0,0,0,1,0,0,0,0,0,0
ENSMUSG00000049562,3237,34,58,42,71,64,36,47,45,69,33
ENSMUSG00000024925,1715,234,224,179,127,156,134,148,197,160,206
ENSMUSG00000024921,14269,2309,2459,3177,3337,2930,2262,1977,1895,1755,3382
ENSMUSG00000093628,840,1,0,0,0,0,0,0,1,0,0
ENSMUSG00000093772,668,5,6,5,7,5,7,10,8,5,6
ENSMUSG00000118331,737,0,0,0,0,1,1,1,0,0,0
ENSMUSG00000074913,1118,0,0,0,0,0,0,0,0,0,0
ENSMUSG00000118313,334,1,0,0,0,0,0,0,0,1,0
ENSMUSG00000118209,553,0,0,1,2,1,0,1,0,2,0
ENSMUSG00000118020,1785,1,2,1,0,2,1,0,1,0,4
ENSMUSG00000024926,3509,801,742,653,723,637,759,713,850,759,707
ENSMUSG00000024927,3072,443,541,529,438,325,333,439,526,429,345
ENSMUSG00000024924,10068,1005,1183,1446,1809,1828,1630,1422,915,1430,2701
ENSMUSG00000047298,5108,2,2,4,0,3,5,7,1,6,5
ENSMUSG00000117752,5484,0,1,0,1,0,1,0,0,0,1
ENSMUSG00000117705,496,0,0,1,0,0,1,0,0,0,0
ENSMUSG00000041360,8626,1149,936,1097,1131,831,1118,744,763,886,627
ENSMUSG00000118072,772,0,0,0,0,0,0,0,0,0,0
ENSMUSG00000088266,132,0,0,0,0,0,0,0,0,0,0
ENSMUSG00000040929,11034,1502,1270,1364,1430,1197,1486,1041,537,767,548
ENSMUSG00000025085,11949,943,1465,2439,3067,2138,1909,2194,2434,3127,4331
ENSMUSG00000092617,440,0,1,0,0,0,0,0,0,0,0
ENSMUSG00000092182,598,0,0,0,0,0,0,0,0,1,0
ENSMUSG00000117788,478,0,0,0,1,1,2,1,0,0,1
ENSMUSG00000101084,632,0,0,0,0,0,0,1,0,0,0
ENSMUSG00000117862,208,0,0,0,0,0,1,0,0,0,0
ENSMUSG00000117684,391,0,0,0,0,1,0,0,0,0,0
ENSMUSG00000117670,1655,4,3,10,11,3,5,5,1,9,7
ENSMUSG00000033478,5951,763,778,774,751,560,747,723,546,622,619
ENSMUSG00000117927,705,0,2,0,0,0,0,0,5,1,1
ENSMUSG00000052942,8842,57,63,114,166,102,210,239,110,142,48
ENSMUSG00000089952,2217,0,0,1,0,0,0,1,0,0,0
ENSMUSG00000025086,5594,303,377,464,634,348,330,363,401,508,342
ENSMUSG00000097735,1389,0,0,0,1,0,0,1,0,1,0
ENSMUSG00000067351,393,2,4,5,4,1,2,3,3,4,1
ENSMUSG00000090737,270,819,770,618,576,602,676,600,578,610,312
ENSMUSG00000056917,4419,429,417,440,421,353,289,517,429,435,172
ENSMUSG00000098069,797,0,0,0,0,0,0,0,1,0,0
ENSMUSG00000118178,1758,1,0,0,0,1,0,0,0,0,0
ENSMUSG00000118248,316,0,0,0,0,0,0,0,0,0,0
ENSMUSG00000117770,1339,0,0,1,0,1,3,0,0,0,0
ENSMUSG00000117978,196,0,0,0,0,0,1,0,0,0,0
ENSMUSG00000024935,8257,271,371,494,721,1324,290,412,730,698,730
ENSMUSG00000089993,1378,50,49,31,28,15,36,44,33,23,5
ENSMUSG00000054843,6586,1145,1217,1132,1369,2201,1630,1429,954,1386,1247
ENSMUSG00000093757,70,0,0,0,0,0,0,0,0,0,0
ENSMUSG00000117871,2491,0,3,0,1,1,0,1,0,2,0
ENSMUSG00000087002,662,0,0,0,0,0,0,0,0,0,0
ENSMUSG00000064202,5420,24,16,21,21,67,16,11,16,27,44
ENSMUSG00000040105,2859,177,212,262,326,563,280,285,394,440,761
ENSMUSG00000118165,812,2,2,0,1,1,2,2,1,1,3
ENSMUSG00000025089,5476,294,285,382,440,636,898,919,706,882,476
ENSMUSG00000118253,322,0,0,0,0,0,0,0,0,0,0
ENSMUSG00000025090,1099,0,0,1,1,1,1,0,0,3,2
ENSMUSG00000100001,742,0,0,0,0,1,0,1,0,1,0
ENSMUSG00000046008,2195,2,0,6,5,6,3,3,4,3,0
ENSMUSG00000118223,348,0,0,0,0,0,0,0,0,0,0
ENSMUSG00000101088,2773,0,0,0,0,0,0,0,0,0,0
ENSMUSG00000024780,12214,1568,1251,1083,1213,1570,1581,1059,740,969,2702
ENSMUSG00000042179,2223,1,2,0,1,0,1,2,3,0,0
ENSMUSG00000054874,8757,1550,1879,1594,1602,959,1216,2003,1788,2155,781
ENSMUSG00000063754,435,1509,1039,926,970,513,1557,868,1207,850,698
ENSMUSG00000025091,1572,1,1,0,2,2,0,0,2,1,0
ENSMUSG00000024782,3120,887,798,895,850,902,754,742,710,904,1283
ENSMUSG00000100075,2485,9,6,9,10,12,15,19,9,17,9
ENSMUSG00000098568,73,0,0,0,0,0,0,0,0,0,0
ENSMUSG00000118320,444,0,0,0,0,0,0,0,0,0,0
ENSMUSG00000026931,1257,0,0,0,0,2,1,0,1,1,0
ENSMUSG00002076056,84,0,0,0,0,0,0,0,0,0,0
ENSMUSG00000091410,381,0,3,1,1,0,0,0,0,2,1
ENSMUSG00000024785,1889,245,197,193,229,151,136,194,228,215,169
ENSMUSG00000004054,4393,291,274,319,232,263,196,318,232,261,306
ENSMUSG00000065556,97,0,0,0,0,0,0,0,0,0,0
ENSMUSG00000118077,600,1,0,0,0,0,0,0,0,1,1
ENSMUSG00000068466,645,4782,3318,2414,2869,1355,4283,2388,2226,2401,1113
ENSMUSG00000024936,1566,4,2,4,1,0,3,9,0,3,3
ENSMUSG00000025092,9192,1282,1721,2348,2529,4486,2009,2034,2197,2796,3098
ENSMUSG00000092813,87,0,0,0,0,0,0,0,0,0,0
ENSMUSG00000048029,2570,41,40,41,31,45,22,16,29,36,36
ENSMUSG00000024789,5030,1261,1346,1631,1646,695,1646,1146,910,1015,701
ENSMUSG00000050957,708,5,3,2,1,1,6,3,5,5,3
ENSMUSG00000039097,3501,9,16,11,15,4,4,1,14,17,4
ENSMUSG00000041362,6172,2178,2905,4650,4863,1419,1984,1700,3039,2862,769
ENSMUSG00000118377,1384,13,12,10,13,9,16,13,8,16,4
ENSMUSG00000006270,1117,96,105,43,50,13,33,1,6,4,0
ENSMUSG00000117834,778,1,0,0,0,0,0,0,0,0,0
ENSMUSG00000040901,3470,1,0,0,2,0,0,0,1,0,0
ENSMUSG00000101630,678,0,0,0,0,2,0,0,0,0,0
ENSMUSG00000016495,3799,467,455,322,356,185,398,364,320,304,241
ENSMUSG00000025094,5225,704,557,309,202,214,744,488,588,793,670
ENSMUSG00000016496,3622,27,30,25,34,14,18,8,13,12,13
ENSMUSG00000117964,4725,8,1,2,6,3,2,1,4,4,0
ENSMUSG00000074746,5982,883,816,952,1000,1438,1012,896,677,1185,1182
ENSMUSG00000067038,396,5407,4445,3352,3095,1182,3738,3723,4810,2902,1243
ENSMUSG00000118276,394,0,0,0,0,1,0,0,0,0,0
ENSMUSG00000110210,636,3,2,0,0,0,1,0,0,0,1
ENSMUSG00000043969,3002,690,434,355,282,141,449,408,331,175,23
ENSMUSG00000100119,1827,0,0,0,0,0,0,0,0,0,0
ENSMUSG00000118118,528,0,0,0,0,0,0,0,0,0,0
ENSMUSG00000016498,1961,1,1,2,0,0,0,1,1,4,0
ENSMUSG00000118031,902,0,0,0,0,0,0,0,0,0,0
ENSMUSG00000118190,367,0,0,0,0,0,0,0,0,0,0
ENSMUSG00000090965,4017,8,2,2,4,0,0,3,0,1,5
ENSMUSG00000040022,6080,890,841,1057,1300,1325,1021,864,630,1006,777
ENSMUSG00000091378,2143,1,1,1,2,1,2,0,3,5,0
ENSMUSG00000118291,2563,0,0,1,0,2,1,2,0,2,2
ENSMUSG00000118166,472,0,0,0,0,0,0,3,0,0,1
ENSMUSG00000057858,5761,347,266,259,277,221,780,429,317,354,354
ENSMUSG00000043623,1343,0,2,0,0,3,0,1,0,2,0
ENSMUSG00000099678,559,0,0,0,0,0,0,0,0,0,0
ENSMUSG00000045052,1573,2,3,3,4,3,7,10,12,11,4
ENSMUSG00000024937,6964,431,501,491,509,428,473,436,749,639,227
ENSMUSG00000024939,1209,1,0,0,0,0,0,0,0,0,0
ENSMUSG00000118125,2532,102,101,102,117,66,101,132,124,126,41
ENSMUSG00000038658,10727,980,1015,1096,1023,1010,1091,888,623,885,1157
ENSMUSG00000079478,1236,3,5,4,7,3,2,4,8,4,5
ENSMUSG00000033417,6772,869,714,690,680,694,912,686,487,657,656
ENSMUSG00002075851,89,0,0,0,0,0,0,0,0,0,0
ENSMUSG00000117790,545,1,0,1,0,1,0,0,0,0,0
ENSMUSG00000072437,3928,355,430,436,458,430,577,569,575,594,279
ENSMUSG00000024991,8731,6368,5044,5939,5781,4627,7007,4453,3529,4463,3586
ENSMUSG00000118735,69,0,0,0,0,0,0,0,0,0,0
ENSMUSG00002075991,132,0,0,0,0,0,0,0,0,0,0
ENSMUSG00002075125,119,0,0,0,1,0,0,0,0,1,1
ENSMUSG00000046324,9338,338,283,331,491,1199,432,394,394,567,1599
ENSMUSG00000024806,1057,0,1,0,0,0,0,0,0,0,0
ENSMUSG00000024940,9069,728,630,719,506,421,431,652,488,832,1842
ENSMUSG00000024993,6242,379,350,382,458,455,416,312,304,447,647
ENSMUSG00000046138,8134,1591,1384,1713,1600,1110,1437,1214,674,1249,1107
ENSMUSG00000118251,249,0,0,0,0,0,0,0,1,1,0
ENSMUSG00000083036,368,0,0,0,0,0,0,0,0,0,0
ENSMUSG00000074909,4575,563,515,467,462,493,973,664,614,643,961
ENSMUSG00000117883,581,0,0,0,0,0,0,0,0,0,0
ENSMUSG00000063698,2975,110,89,85,100,184,141,98,121,88,258
ENSMUSG00000024997,1478,447,389,348,573,741,345,504,522,647,776
ENSMUSG00000024810,2886,6,4,23,13,204,10,10,29,142,379
ENSMUSG00000087937,166,0,0,0,0,0,0,0,0,0,0
ENSMUSG00000024815,2229,0,0,0,0,0,0,0,0,0,0
ENSMUSG00000003228,7055,391,387,467,430,410,468,401,316,332,630
ENSMUSG00000096578,580,2,1,2,2,3,3,1,0,1,1
ENSMUSG00000088894,129,0,0,0,0,0,0,0,1,0,0
ENSMUSG00000074733,10615,609,531,536,475,494,634,449,248,371,841
ENSMUSG00000070263,117,1,1,0,0,0,0,0,0,0,0
ENSMUSG00000118252,801,451,438,242,330,243,555,441,368,391,293
ENSMUSG00000094649,1624,46,30,36,26,18,37,36,28,34,7
ENSMUSG00000069475,66,0,0,0,0,0,0,0,0,0,0
ENSMUSG00000024817,8590,1717,1493,1397,1111,726,1671,1208,937,888,829
ENSMUSG00000024941,3600,866,932,975,953,981,856,1041,1439,1136,1016
ENSMUSG00000059326,2871,344,391,381,477,298,411,644,769,633,223
ENSMUSG00000117740,331,1,0,1,1,0,2,2,3,1,0
ENSMUSG00000117782,1570,0,0,0,0,0,0,0,0,0,0
ENSMUSG00000117951,256,4,1,0,0,3,0,0,1,0,7
ENSMUSG00000095993,168,0,0,0,0,0,0,0,0,0,0
ENSMUSG00000118197,243,5,7,0,2,0,7,6,2,1,2
ENSMUSG00000024827,6091,564,369,289,279,246,276,215,175,286,299
ENSMUSG00000058607,378,1,4,1,2,1,2,2,2,3,0
ENSMUSG00000024863,1089,0,1,0,0,0,0,1,0,0,0
ENSMUSG00002075891,77,0,0,0,0,0,0,0,0,0,0
ENSMUSG00002075253,281,0,0,0,0,0,0,0,0,0,0
ENSMUSG00000118374,583,0,0,0,0,0,0,0,0,0,0
ENSMUSG00000117953,454,0,0,0,0,0,0,0,0,0,0
ENSMUSG00000058816,618,1,4,4,2,1,3,1,4,2,1
ENSMUSG00000024868,2427,6,9,3,1,1,19,31,14,16,1
ENSMUSG00000052920,11036,74,91,142,161,186,184,167,98,189,275
ENSMUSG00002076671,318,0,0,0,0,0,0,0,0,0,0
ENSMUSG00000053536,4233,1200,1047,987,1168,996,1495,1114,915,1025,1138
ENSMUSG00000118011,550,0,0,0,0,0,0,0,0,0,0
ENSMUSG00000052595,3771,0,4,2,0,0,0,1,0,0,0
ENSMUSG00000114443,908,1,2,1,0,0,3,0,1,0,0
ENSMUSG00000118366,2278,0,0,0,0,0,0,0,0,1,1
ENSMUSG00000024887,11638,35,35,45,55,243,62,53,27,87,524
ENSMUSG00000040451,10546,136,163,222,195,332,168,210,169,251,526
ENSMUSG00000118064,2705,1,1,1,0,2,3,4,1,1,1
ENSMUSG00000118355,385,0,0,0,0,0,0,0,0,0,0
ENSMUSG00000118329,1084,0,0,0,0,0,0,0,0,0,0
ENSMUSG00000062456,714,4820,3720,2528,2508,1449,3099,3454,3571,2971,2166
ENSMUSG00000024896,2674,306,347,298,425,603,426,407,458,479,502
ENSMUSG00000118106,2276,12,11,4,6,4,2,6,4,12,1
ENSMUSG00000024899,3721,15,33,37,40,152,28,42,20,66,157
ENSMUSG00000013662,5995,1561,1415,1307,1510,1824,2003,1335,1277,1582,1994
ENSMUSG00000013663,11507,1971,1950,2169,2836,3381,2403,2098,1660,2655,2119
ENSMUSG00002074891,359,0,0,0,0,0,0,0,0,0,0
ENSMUSG00000117664,456,0,0,0,0,1,0,1,0,0,0
ENSMUSG00000118196,2550,0,0,1,0,1,0,2,2,1,0
ENSMUSG00000071573,1597,10,11,6,15,20,27,18,15,16,19
ENSMUSG00000106278,90,0,0,0,0,0,0,0,0,0,0
ENSMUSG00000087112,1401,1,1,3,3,3,6,2,2,3,2
ENSMUSG00000118289,186,0,0,0,0,0,0,0,0,0,0
ENSMUSG00000086875,1906,0,0,0,0,0,0,0,0,0,0
ENSMUSG00000079344,2314,3,7,0,0,0,17,8,0,0,0
ENSMUSG00000118121,200,0,0,0,0,0,0,0,0,0,0
ENSMUSG00000024766,5007,95,67,112,100,86,141,81,113,168,192
ENSMUSG00000118513,350,0,0,0,0,0,0,0,0,0,0
ENSMUSG00002075994,107,1,0,0,0,0,0,0,0,0,0
ENSMUSG00000086812,2225,0,0,0,0,0,0,0,0,0,0
ENSMUSG00000118360,195,0,0,0,0,0,0,0,0,0,0
ENSMUSG00000117667,213,3,1,2,3,1,3,0,0,1,2
ENSMUSG00000085924,2197,3,3,0,0,1,3,3,0,0,0
ENSMUSG00000087303,2887,10,10,2,1,2,25,15,2,2,3
ENSMUSG00000079342,2243,0,0,0,0,0,0,0,0,0,0
ENSMUSG00000037603,507,19,10,9,6,7,15,14,9,6,16
ENSMUSG00000085934,1240,0,0,0,0,0,0,0,0,0,0
ENSMUSG00000117821,1129,0,0,0,0,0,0,0,0,0,0
ENSMUSG00000065380,107,0,0,0,0,0,0,0,0,0,0
ENSMUSG00000024768,1411,0,0,0,0,1,0,0,0,0,0
ENSMUSG00000024771,2198,0,0,0,0,0,0,0,0,0,0
ENSMUSG00000118302,336,0,0,1,0,0,1,0,0,0,0
ENSMUSG00000024770,1884,0,0,0,0,1,0,0,0,1,0
ENSMUSG00002075813,124,0,0,0,0,0,0,0,0,0,0
ENSMUSG00000056078,3489,0,0,0,0,0,0,0,0,0,0
ENSMUSG00000024774,3052,5,5,2,8,5,1,6,0,2,0
ENSMUSG00000024776,5557,44,59,131,172,223,112,119,236,222,214
ENSMUSG00000035783,2196,44,86,214,130,143,68,120,11,171,182
ENSMUSG00000118066,258,0,0,0,0,0,0,0,0,0,0
ENSMUSG00000024778,2062,3,4,10,5,7,1,3,5,4,8
ENSMUSG00002075250,159,0,0,0,0,0,0,0,0,0,0
ENSMUSG00002076079,109,0,0,0,0,0,0,0,0,0,0
ENSMUSG00000050370,1387,1,2,5,3,5,0,4,1,3,6
ENSMUSG00000097558,3702,0,2,8,4,23,4,12,10,17,11
ENSMUSG00000024781,6780,263,284,349,292,352,388,443,342,388,405
ENSMUSG00000118048,129,0,0,0,0,0,0,0,0,0,0
ENSMUSG00000045932,3927,147,140,186,182,153,98,110,130,225,97
ENSMUSG00000074896,1745,6,5,13,2,7,3,7,1,2,48
ENSMUSG00000079339,2260,5,3,15,11,13,14,14,14,11,15
ENSMUSG00000062488,2000,1,0,2,2,4,1,3,0,5,41
ENSMUSG00000024786,1641,0,0,0,3,0,1,0,0,2,0
ENSMUSG00000067297,3367,6,5,7,5,4,3,5,9,5,2
ENSMUSG00000118260,926,0,0,0,0,0,0,0,0,0,0
ENSMUSG00000034459,2656,0,1,3,1,3,3,0,1,3,8
ENSMUSG00000024784,770,2,1,1,4,0,1,0,1,3,1
ENSMUSG00000009378,4170,40,61,62,73,42,65,116,13,50,43
ENSMUSG00000118098,1009,0,0,0,0,0,0,0,0,0,0
ENSMUSG00002074940,104,0,0,0,0,0,0,0,0,0,0
ENSMUSG00000118083,571,0,0,0,0,0,0,0,0,0,1
ENSMUSG00000088212,161,0,0,0,0,0,0,0,0,0,0
ENSMUSG00000117945,498,0,0,0,0,0,0,0,0,0,0
ENSMUSG00000024777,3372,1118,1570,1843,2109,2665,1127,1715,2980,2650,2173
ENSMUSG00000033610,8267,332,289,336,318,405,397,381,431,442,410
ENSMUSG00000065594,87,0,0,0,0,0,0,0,0,0,0
ENSMUSG00000024773,7693,613,729,825,724,815,618,939,926,1050,814
ENSMUSG00000065582,86,0,0,0,0,0,0,2,0,0,0
ENSMUSG00000065523,89,0,0,0,0,0,0,0,0,0,1
ENSMUSG00000085196,2558,3,5,5,10,3,4,3,5,7,5
ENSMUSG00000024772,3705,1098,1255,1354,1091,511,1202,1376,1595,1291,899
ENSMUSG00000024769,6099,199,229,209,182,104,210,266,257,301,814
ENSMUSG00000117681,400,0,0,0,0,0,0,0,0,0,0
ENSMUSG00000024795,6957,650,340,266,120,40,255,195,60,137,32
ENSMUSG00000089151,74,1,0,0,0,0,0,0,0,0,0
ENSMUSG00000101966,716,0,1,0,0,0,0,0,0,1,0
ENSMUSG00000117865,1293,0,0,0,1,1,0,0,0,0,0
ENSMUSG00000117973,724,0,0,0,0,0,0,0,0,0,0
ENSMUSG00000089087,132,0,0,0,0,0,0,0,0,0,0
ENSMUSG00002075816,70,0,0,0,0,0,0,0,0,0,0
ENSMUSG00002076303,131,0,0,0,0,0,0,0,0,0,0
ENSMUSG00000118212,1149,0,0,0,2,2,0,1,3,0,1
ENSMUSG00000077205,133,0,0,0,0,0,0,0,0,0,0
ENSMUSG00000024798,3399,20,58,93,149,256,70,114,268,262,174
ENSMUSG00000024800,4179,367,278,258,212,161,242,201,234,175,181
ENSMUSG00000024803,2886,0,0,0,0,2,0,2,1,3,1
ENSMUSG00000117998,475,0,0,2,0,2,0,0,0,1,0
ENSMUSG00000118032,602,0,0,0,0,0,1,0,0,0,0
ENSMUSG00000114859,685,0,1,0,0,2,0,0,0,0,1
ENSMUSG00000100969,5310,0,0,0,1,0,0,0,0,1,0
ENSMUSG00000117761,315,0,0,0,0,0,0,0,0,0,0
ENSMUSG00000118966,107,0,0,0,0,0,0,0,0,0,0
ENSMUSG00000118182,306,0,0,0,0,0,0,0,0,0,0
ENSMUSG00000117928,390,0,0,0,0,0,0,0,0,0,0
ENSMUSG00000118393,315,0,0,0,0,0,0,0,0,0,0
ENSMUSG00000118052,652,2,3,23,13,39,0,4,3,5,6
ENSMUSG00000118203,1411,0,0,0,0,0,0,0,0,0,0
ENSMUSG00000117886,1550,9,10,10,6,1,7,11,6,1,10
ENSMUSG00000024947,3835,1314,1363,1281,1059,922,1062,1232,1295,1140,696
ENSMUSG00000024805,12629,223,164,107,111,173,136,121,73,113,345
ENSMUSG00000114285,469,0,0,1,0,0,0,0,0,0,0
ENSMUSG00002076963,106,0,0,0,0,0,0,0,0,0,0
ENSMUSG00000114409,1664,0,0,0,1,0,1,0,4,0,3
ENSMUSG00000114235,1120,3,3,1,1,5,1,4,2,3,3
ENSMUSG00000024831,5949,236,231,208,192,166,213,193,204,213,195
ENSMUSG00000024829,2011,380,308,258,301,260,278,350,392,291,285
ENSMUSG00000099261,64,0,0,1,0,0,0,0,0,0,0
ENSMUSG00000118213,800,0,0,0,0,0,0,0,0,0,0
ENSMUSG00000024900,7642,476,410,500,569,499,495,521,310,727,443
ENSMUSG00000041180,9066,396,341,357,408,482,311,338,156,323,217
ENSMUSG00000067279,2725,59,87,212,218,435,138,180,193,249,459
ENSMUSG00000117938,283,0,0,0,0,0,0,0,0,0,0
ENSMUSG00000024905,3912,2,4,9,8,3,5,7,13,8,3
ENSMUSG00000024907,788,11,25,14,33,38,8,12,68,53,12
ENSMUSG00000024811,10406,3300,2745,2402,2412,2284,4615,3038,1903,2619,2381
ENSMUSG00000047632,1772,341,362,323,261,73,627,659,615,228,84
ENSMUSG00000024948,6654,647,836,913,868,923,809,1095,1197,1288,1772
ENSMUSG00000040565,10259,1101,1006,890,931,757,1066,813,471,654,686
ENSMUSG00000099230,65,0,0,0,0,0,0,0,0,0,0
ENSMUSG00000024908,9378,2738,2196,2161,1882,1403,2321,1862,1350,1686,1715
ENSMUSG00000114315,531,0,0,0,0,0,0,0,0,0,0
ENSMUSG00000075908,105,0,0,0,0,1,2,0,0,0,1
ENSMUSG00000114302,695,0,0,0,0,0,0,0,0,0,0
ENSMUSG00000024913,9738,483,431,428,264,181,289,305,184,286,127
ENSMUSG00000118249,571,2,3,2,2,1,2,0,0,2,1
ENSMUSG00000035372,2351,379,423,519,436,609,299,370,455,381,270
ENSMUSG00000117739,382,20,16,15,17,10,16,3,10,5,14
ENSMUSG00000118231,540,1,0,0,0,0,0,0,2,0,0
ENSMUSG00000118096,247,0,0,0,0,0,0,0,0,0,0
ENSMUSG00000117773,692,8,3,7,5,3,16,6,3,4,2
ENSMUSG00000024949,6211,4310,4131,3719,3461,2364,3516,3379,3074,2993,2375
ENSMUSG00000032648,3218,31,33,79,54,309,38,90,63,142,941
ENSMUSG00000053799,3876,371,460,594,818,727,371,355,467,563,355
ENSMUSG00000062432,1747,0,0,1,0,1,0,0,0,0,0
ENSMUSG00000024987,1983,0,0,0,1,3,0,1,0,3,1
ENSMUSG00000117989,637,0,0,0,0,0,0,0,0,0,0
ENSMUSG00000117939,1319,12,8,11,12,6,14,14,18,11,25
ENSMUSG00000118115,850,0,0,0,0,0,0,0,0,0,0
ENSMUSG00000032946,12384,148,279,648,1184,792,207,546,1935,1888,519
ENSMUSG00000084876,1232,2,1,1,5,1,2,1,1,0,2
ENSMUSG00000045098,14752,2064,1962,1713,1709,983,2563,1849,1013,1398,1233
ENSMUSG00000082848,1086,1,3,1,1,1,1,0,0,0,0
ENSMUSG00000033768,13812,2532,3974,5036,7287,7107,3748,5665,9506,8898,3780
ENSMUSG00000048612,12603,75,92,161,140,97,120,156,17,142,144
ENSMUSG00000117897,2689,11,14,16,26,6,19,19,10,22,6
ENSMUSG00000052188,760,58,65,62,42,20,59,45,51,38,76
ENSMUSG00000069554,2755,0,1,1,0,1,2,0,0,3,0
ENSMUSG00000061742,2263,2,8,17,22,9,6,5,15,11,1
ENSMUSG00000024989,2905,462,229,152,63,15,167,99,41,66,10
ENSMUSG00000064646,125,0,0,0,0,0,0,0,0,0,0
ENSMUSG00000054200,1401,0,1,2,1,1,1,1,3,0,1
ENSMUSG00000024990,1343,22,41,63,19,97,15,43,21,39,24
ENSMUSG00000024992,2970,6,4,1,4,4,13,11,0,8,2
ENSMUSG00000054237,3317,264,207,170,184,112,293,176,139,159,255
ENSMUSG00000067242,11354,237,278,456,667,1879,282,352,517,678,1485
ENSMUSG00000118242,274,1,1,1,0,2,3,1,0,1,1
ENSMUSG00000105709,2216,3,1,2,3,3,2,1,8,3,19
ENSMUSG00000118381,269,0,0,0,0,0,0,0,0,0,0
ENSMUSG00000117920,327,0,2,1,2,2,0,0,0,0,1
ENSMUSG00000118335,596,0,0,0,1,0,0,0,0,0,0
ENSMUSG00000044026,4642,89,52,67,62,70,58,60,36,39,86
ENSMUSG00002075727,83,0,0,0,0,0,0,0,0,0,0
ENSMUSG00000024998,15998,737,496,474,366,323,451,445,247,365,657
ENSMUSG00000117935,814,17,19,15,15,24,33,30,26,19,29
ENSMUSG00000101079,543,1,1,0,0,0,0,0,0,0,1
ENSMUSG00000024999,3977,539,436,505,375,328,557,395,360,385,354
ENSMUSG00000048720,4209,358,367,368,387,282,475,337,354,542,389
ENSMUSG00002075032,120,0,0,0,0,0,0,0,0,0,0
ENSMUSG00000025001,7205,1044,489,341,237,83,499,272,106,285,89
ENSMUSG00000114610,1454,3,4,2,1,1,6,4,2,1,5
ENSMUSG00000025002,1995,0,0,1,1,0,0,2,1,0,0
ENSMUSG00002075482,64,0,0,0,0,0,0,0,0,0,0
ENSMUSG00000067231,1928,0,0,0,0,0,2,1,1,2,0
ENSMUSG00000067229,1946,0,0,0,0,0,0,0,0,0,0
ENSMUSG00000093610,1785,0,0,0,0,0,0,0,0,0,0
ENSMUSG00000003053,3061,0,0,0,0,0,0,0,0,0,0
ENSMUSG00000118146,516,0,0,0,0,0,0,0,0,0,0
ENSMUSG00000032808,2869,0,0,0,0,0,0,0,0,0,0
ENSMUSG00000025003,1817,0,0,0,0,0,0,0,0,0,0
ENSMUSG00000062624,1732,0,0,0,0,0,0,0,0,0,0
ENSMUSG00000074882,1724,0,1,0,0,0,1,0,0,0,0
ENSMUSG00000025004,2037,0,0,0,0,1,0,0,0,0,0
ENSMUSG00000036278,1228,26,32,30,40,41,17,31,54,31,107
ENSMUSG00000092008,1708,0,0,0,0,0,0,0,0,0,0
ENSMUSG00000117901,953,68,58,71,56,61,31,53,84,41,57
ENSMUSG00000117738,325,0,0,0,0,0,0,0,0,0,0
ENSMUSG00000047787,5872,358,328,316,343,432,174,236,175,262,204
ENSMUSG00000042248,1824,0,0,0,0,0,0,0,0,0,0
ENSMUSG00000067225,1786,0,0,0,0,0,0,0,0,0,0
ENSMUSG00000024767,2545,1314,1298,1252,1065,1672,1077,1244,1629,1189,1276
ENSMUSG00000035885,619,1071,1310,1101,1210,3041,605,1734,2425,2180,2791
ENSMUSG00000054827,2918,0,0,0,0,0,0,0,0,0,0
ENSMUSG00000024764,9028,984,1043,848,871,612,966,994,961,1088,602
ENSMUSG00000119835,104,0,0,0,0,0,0,0,0,0,0
ENSMUSG00002075307,121,0,0,0,0,0,0,0,0,0,0
ENSMUSG00000060613,1981,0,0,0,0,0,0,0,1,0,1
ENSMUSG00000117785,1375,5,4,14,8,26,1,5,3,7,117
ENSMUSG00000098091,998,1079,1073,1272,1111,2875,746,868,1278,1355,985
ENSMUSG00000055044,5260,84,49,45,26,62,39,41,10,38,36
ENSMUSG00000117793,421,0,1,0,0,0,0,0,0,0,1
ENSMUSG00000024968,3157,2787,2155,1183,588,194,1304,1249,839,622,71
ENSMUSG00000025006,14718,1336,1441,1668,1671,1557,1123,1185,489,1037,1312
ENSMUSG00000114796,422,22,21,25,21,14,24,22,4,15,15
ENSMUSG00000024969,7942,1106,1213,1378,1315,1514,985,1353,1303,1389,868
ENSMUSG00000091558,1016,1,3,1,2,0,2,1,2,4,2
ENSMUSG00000024970,3753,653,651,568,451,361,433,593,613,458,211
ENSMUSG00000117743,1404,31,24,29,30,15,30,24,15,26,17
ENSMUSG00000095690,654,707,735,614,781,566,754,773,852,925,620
ENSMUSG00000118297,598,2,1,0,2,0,3,1,0,3,1
ENSMUSG00000041845,1714,35,19,23,17,13,18,22,12,14,25
ENSMUSG00000053080,7032,5202,4897,3729,3899,825,3616,3132,1991,1967,345
ENSMUSG00000098293,70,8,5,3,11,0,7,7,4,4,1
ENSMUSG00000049303,5539,14,22,35,32,170,17,54,36,77,516
ENSMUSG00000042041,1167,0,1,0,0,0,0,0,1,1,0
ENSMUSG00000025007,4072,1238,1128,948,799,360,1069,911,876,786,326
ENSMUSG00000096592,522,5,10,10,9,6,12,8,1,6,5
ENSMUSG00000097792,1098,74,81,84,100,88,102,76,97,79,81
ENSMUSG00000024758,5022,6446,6798,7507,8740,17383,8278,8041,10192,11385,10944
ENSMUSG00000025008,3273,251,285,279,333,536,244,265,298,403,308
ENSMUSG00000024892,4753,366,391,550,646,744,330,472,604,854,1336
ENSMUSG00000045045,3366,939,1188,1068,1157,757,726,1107,1605,1227,335
ENSMUSG00000048120,5580,238,167,175,147,222,175,130,116,142,115
ENSMUSG00000090041,758,7,2,7,6,3,6,2,5,7,3
ENSMUSG00000094388,522,1,4,3,0,0,4,2,2,2,1
ENSMUSG00000117952,274,0,0,0,1,0,0,0,0,0,0
ENSMUSG00000108929,4918,8,8,11,12,5,7,2,10,7,1
ENSMUSG00000024889,2083,245,235,220,192,145,179,239,295,204,180
ENSMUSG00000098346,58,0,0,0,0,0,0,0,0,0,0
ENSMUSG00000025010,4355,632,489,353,332,146,522,360,262,269,189
ENSMUSG00000097740,2504,4,1,1,2,3,0,0,1,1,0
ENSMUSG00000099118,87,0,0,0,0,0,0,0,0,0,0
ENSMUSG00000024759,10099,820,640,652,694,576,654,591,317,702,982
ENSMUSG00000049164,6840,500,364,285,307,250,585,365,116,330,373
ENSMUSG00000071691,3703,54,52,63,100,26,43,35,65,55,32
ENSMUSG00000117746,502,0,2,0,0,0,0,0,0,0,0
ENSMUSG00000060675,6396,57,44,44,48,131,31,43,21,94,666
ENSMUSG00000061132,5991,5,10,6,18,80,6,9,20,15,17
ENSMUSG00000096370,5780,86,68,68,40,25,86,62,41,36,35
ENSMUSG00000024972,2773,22,13,8,19,6,19,20,11,17,6
ENSMUSG00000025014,2292,0,0,0,0,1,2,0,1,2,2
ENSMUSG00000050121,2946,0,0,0,0,135,2,0,0,0,548
ENSMUSG00000024973,1408,1,1,1,0,0,0,0,0,0,0
ENSMUSG00000024761,504,43,41,52,37,70,39,43,48,43,88
ENSMUSG00000024757,5431,1,2,1,1,0,0,2,0,2,0
ENSMUSG00000083160,1116,0,0,0,0,0,0,0,0,0,0
ENSMUSG00000081596,1168,0,0,0,0,0,0,0,0,0,0
ENSMUSG00000117937,480,4,2,1,1,0,5,2,2,0,0
ENSMUSG00000025013,4732,67,47,23,23,24,99,50,45,44,44
ENSMUSG00000053303,2949,0,0,0,0,0,0,0,0,0,0
ENSMUSG00000118312,1262,0,0,0,0,0,0,0,0,0,0
ENSMUSG00000025016,8096,2571,2398,2226,2376,2691,3446,2408,2137,2782,3139
ENSMUSG00000067656,2152,0,0,0,0,0,0,0,1,0,0
ENSMUSG00002076220,109,0,0,0,0,0,0,0,1,0,0
ENSMUSG00000118220,1365,64,53,66,42,25,93,58,36,47,44
ENSMUSG00000118036,2200,0,0,0,0,0,0,0,0,0,0
ENSMUSG00000063590,2004,0,0,0,0,0,0,0,0,0,0
ENSMUSG00000025017,5572,36,33,33,30,43,31,42,24,44,29
ENSMUSG00000075044,2272,9,2,3,1,0,4,1,0,0,0
ENSMUSG00000118280,653,5,6,1,4,5,11,4,0,3,0
ENSMUSG00000044065,906,0,0,0,0,1,0,0,0,0,1
ENSMUSG00000118345,1364,9,5,4,8,3,12,7,7,3,7
ENSMUSG00000117877,2194,4,3,3,4,0,7,5,1,0,0
ENSMUSG00000025019,12765,688,519,406,379,268,699,398,50,207,246
ENSMUSG00000098286,139,9,4,3,3,2,8,0,1,4,4
ENSMUSG00000052562,3368,0,0,0,2,2,0,0,1,1,0
ENSMUSG00000110298,2926,2,8,7,10,6,18,32,3,14,11
ENSMUSG00000086174,790,71,48,46,23,39,41,42,43,29,46
ENSMUSG00000063796,3910,108,215,470,442,496,126,347,259,542,356
ENSMUSG00000024650,3983,141,223,378,364,72,202,485,2,378,36
ENSMUSG00000117763,2742,9,3,12,24,26,6,7,3,7,2
ENSMUSG00000032773,6487,69,137,373,705,2354,9,29,12,31,33
ENSMUSG00002075107,329,0,0,0,0,0,0,0,0,0,0
ENSMUSG00000010095,3529,1324,1420,1584,1446,1733,1182,1374,1640,1641,1345
ENSMUSG00000025020,5921,1589,1543,1707,1422,1096,1679,1958,1649,1882,389
ENSMUSG00002075271,250,0,0,0,0,0,0,0,0,0,0
ENSMUSG00000064721,72,0,0,0,0,0,0,0,0,0,0
ENSMUSG00000065392,75,0,0,0,0,0,0,0,0,0,0
ENSMUSG00000065281,72,0,0,0,0,0,0,0,0,0,0
ENSMUSG00000065280,76,0,0,0,0,0,0,0,0,0,0
ENSMUSG00000065378,65,0,0,0,0,0,0,0,0,0,0
ENSMUSG00000065782,69,0,0,0,0,0,0,0,0,0,0
ENSMUSG00000065305,67,0,0,0,0,0,0,0,0,0,0
ENSMUSG00000065087,126,0,0,0,0,0,0,0,0,0,0
ENSMUSG00000042729,1867,460,406,312,344,221,362,371,486,372,307
ENSMUSG00000025154,5103,492,270,184,123,76,249,183,67,153,65
ENSMUSG00000090840,508,21,10,9,8,1,15,16,6,4,0
ENSMUSG00000067199,2614,163,190,154,201,140,150,145,220,142,109
ENSMUSG00000047604,2161,258,232,151,127,92,139,111,101,70,55
ENSMUSG00000035049,4340,455,414,437,567,702,412,386,548,570,410
ENSMUSG00000117675,313,0,0,1,0,0,0,0,0,0,0
ENSMUSG00000011752,1982,3053,2397,2426,2260,5433,2275,2588,3116,3149,5095
ENSMUSG00000034321,4053,348,250,271,291,185,278,235,242,239,150
ENSMUSG00000025157,3336,351,358,324,343,276,261,286,275,312,223
ENSMUSG00000010110,5808,871,772,892,803,600,932,792,720,742,847
ENSMUSG00000098844,109,0,0,0,0,0,0,0,0,0,0
ENSMUSG00000010097,4427,3533,3495,3214,2351,1543,3306,2975,2181,2077,2101
ENSMUSG00000117924,748,665,661,515,440,347,373,547,647,434,296
ENSMUSG00000118346,845,92,105,84,65,77,88,114,55,79,73
ENSMUSG00000003680,5017,159,164,119,123,85,146,145,123,181,75
ENSMUSG00000118261,295,0,0,0,0,0,0,0,0,0,0
ENSMUSG00000118305,380,0,0,0,0,0,0,0,0,0,0
ENSMUSG00000071662,1247,574,451,351,408,483,454,433,506,437,569
ENSMUSG00000071661,2004,65,71,55,60,35,55,72,66,76,36
ENSMUSG00000071660,3984,1050,887,825,727,463,887,722,556,680,624
ENSMUSG00000071659,7108,3684,3596,3446,3706,2865,4649,3246,2981,3462,3616
ENSMUSG00000118124,599,0,0,0,0,0,0,0,0,0,0
ENSMUSG00000071658,1643,1183,1578,1905,2411,2571,1490,2324,4342,3121,1316
ENSMUSG00000071657,5897,440,496,487,513,626,455,570,863,671,657
ENSMUSG00000071656,2600,13,14,14,21,18,19,20,31,31,16
ENSMUSG00000071655,3047,1509,1399,1597,1373,1016,1230,1117,1499,1017,816
ENSMUSG00000071654,821,154,139,118,122,155,186,145,176,135,174
ENSMUSG00000025159,10415,964,856,880,835,613,782,856,866,943,713
ENSMUSG00000096740,3281,119,77,77,58,46,75,63,46,55,66
ENSMUSG00000116166,534,0,0,0,0,0,0,0,0,0,0
ENSMUSG00000070167,148,12,14,9,11,1,8,5,9,7,5
ENSMUSG00000093314,76,0,0,0,0,0,0,1,0,0,0
ENSMUSG00000089102,99,0,0,0,0,0,0,0,0,0,0
ENSMUSG00000025171,1687,93,103,95,79,121,59,99,123,104,136
ENSMUSG00000071653,1444,9,5,7,1,4,6,7,3,5,10
ENSMUSG00000116347,1064,0,0,0,0,0,0,0,0,0,0
ENSMUSG00000071652,3274,342,394,303,278,199,254,320,290,267,190
ENSMUSG00000025172,1138,4,5,9,5,1,1,6,10,7,5
ENSMUSG00000025176,2259,17,19,37,31,16,33,23,29,45,26
ENSMUSG00000090369,1380,4,11,4,4,6,5,8,9,10,1
ENSMUSG00000049670,2353,1190,1412,1386,1424,817,1040,1207,1541,1095,411
ENSMUSG00000025178,6692,633,687,688,681,849,570,684,694,737,1058
ENSMUSG00000018821,1236,27,30,12,25,176,13,19,15,35,102
ENSMUSG00000044345,4304,152,157,169,202,164,128,211,140,222,105
ENSMUSG00000117856,609,1311,978,825,846,389,1076,879,887,748,290
ENSMUSG00000018820,8623,936,1050,1035,1045,1064,1119,1030,1172,1131,1392
ENSMUSG00000071650,5454,3071,2638,2323,2209,1732,2819,2723,2227,2498,2157
ENSMUSG00000018822,1900,4,11,55,44,25,21,12,42,30,64
ENSMUSG00000071649,2588,775,793,744,742,1052,785,841,1343,931,1184
ENSMUSG00000042532,2988,197,356,453,758,1335,379,577,1024,879,1416
ENSMUSG00000071648,1517,19,23,25,33,34,23,27,27,34,110
ENSMUSG00000071647,4108,216,224,224,215,137,217,243,186,266,379
ENSMUSG00000042401,2810,164,209,214,304,854,200,209,548,482,253
ENSMUSG00000114220,642,9,3,2,9,9,2,7,5,5,6
ENSMUSG00002075478,99,0,0,0,0,0,0,0,0,0,0
ENSMUSG00000093234,89,0,0,0,0,0,0,0,0,0,0
ENSMUSG00000117706,111,9,3,1,1,0,0,3,2,0,2
ENSMUSG00000117728,1574,2,1,2,1,1,0,0,0,1,7
ENSMUSG00000025184,7397,222,196,185,142,145,275,181,172,201,212
ENSMUSG00000090117,737,0,0,0,0,0,0,0,0,0,0
ENSMUSG00000071646,4093,2900,2677,2259,1717,861,2212,1902,1674,1455,963
ENSMUSG00000071645,3608,503,452,357,340,252,436,357,393,303,281
ENSMUSG00000025185,4213,2,6,8,7,6,5,7,4,9,5
ENSMUSG00000077768,126,0,0,0,0,0,0,0,0,0,0
ENSMUSG00000071644,2600,6917,5934,4795,4411,2043,6089,5342,6286,4097,2315
ENSMUSG00000069833,19938,558,469,684,484,307,613,672,125,424,466
ENSMUSG00000024653,476,1,0,0,0,1,0,0,0,0,0
ENSMUSG00000024654,4297,535,501,667,852,2338,406,445,924,1250,3116
ENSMUSG00000024658,2017,1,0,0,0,5,0,0,0,2,9
ENSMUSG00000117804,580,129,116,65,97,56,155,104,122,93,57
ENSMUSG00002074975,82,0,0,0,0,0,0,0,0,0,0
ENSMUSG00000067608,781,1321,800,579,434,221,627,445,330,483,288
ENSMUSG00000101398,1066,0,0,0,0,0,0,0,0,0,0
ENSMUSG00000071640,758,16,18,22,18,36,19,18,16,22,65
ENSMUSG00000096818,319,0,0,0,0,0,0,0,0,0,0
ENSMUSG00000060224,4815,74,79,92,95,97,69,113,71,130,96
ENSMUSG00000100141,1112,6,3,5,4,0,9,3,0,3,1
ENSMUSG00000117756,120,0,0,0,0,0,0,0,0,0,0
ENSMUSG00000118383,2697,119,106,160,161,78,137,112,77,136,65
ENSMUSG00000118354,400,0,0,1,0,0,0,0,0,0,2
ENSMUSG00000096872,1107,1,0,0,0,0,0,0,0,0,0
ENSMUSG00002076484,104,0,0,0,1,0,0,0,0,0,0
ENSMUSG00000118138,4072,77,34,32,34,26,47,28,22,20,25
ENSMUSG00000024660,4329,1241,857,651,409,266,678,468,422,456,230
ENSMUSG00000118325,1208,0,0,0,1,0,0,0,0,0,0
ENSMUSG00002075984,121,3,4,9,1,2,3,0,4,3,2
ENSMUSG00000118008,316,1,0,0,1,0,1,1,2,0,0
ENSMUSG00000118065,165,0,0,0,0,0,0,0,0,0,0
ENSMUSG00000118183,1387,0,1,0,0,0,0,0,1,0,1
ENSMUSG00000118123,1484,1,0,0,0,0,1,0,1,0,1
ENSMUSG00000024661,3469,3924,4737,4500,5533,9517,3486,4548,5523,4460,11036
ENSMUSG00000037418,2579,0,0,11,11,14,1,1,16,21,8
ENSMUSG00000025188,5855,416,360,355,291,124,288,297,267,270,141
ENSMUSG00000090235,2327,20,10,10,20,8,12,17,11,15,4
ENSMUSG00000074852,4627,3,5,6,11,11,4,2,10,8,7
ENSMUSG00002074881,108,0,0,0,0,0,0,0,0,0,0
ENSMUSG00000117880,855,0,0,0,0,0,0,0,0,0,0
ENSMUSG00000117682,574,0,0,0,0,0,0,1,0,0,0
ENSMUSG00000047509,900,57,29,33,41,53,47,34,20,46,48
ENSMUSG00000114742,584,0,0,0,1,7,0,0,2,1,5
ENSMUSG00000024663,7161,237,295,307,271,186,247,310,241,335,121
ENSMUSG00000025189,5717,63,120,267,289,1307,106,198,304,327,1820
ENSMUSG00000114721,694,0,0,1,3,1,0,1,0,0,0
ENSMUSG00000025190,2539,539,514,600,703,2967,577,724,989,1154,3939
ENSMUSG00000118221,2024,0,0,0,0,0,0,0,0,0,0
ENSMUSG00000118308,600,0,0,0,0,0,0,0,0,0,0
ENSMUSG00000117991,749,0,0,0,0,0,0,0,0,0,0
ENSMUSG00000092250,994,14,7,6,6,0,1,4,0,0,0
ENSMUSG00000044220,2112,63,43,27,8,0,9,13,5,0,0
ENSMUSG00002074883,115,0,0,0,0,0,0,0,0,0,0
ENSMUSG00000118236,1214,0,1,2,1,1,0,1,0,0,1
ENSMUSG00000040414,3749,523,626,574,726,429,467,466,584,620,560
ENSMUSG00000024664,3792,273,450,570,677,620,398,581,1108,1053,340
ENSMUSG00000025192,8963,142,162,164,148,180,136,160,102,124,160
ENSMUSG00000024665,3295,3551,3716,4882,4877,4681,3254,3664,6322,5143,2674
ENSMUSG00000117700,308,0,0,0,0,0,0,0,0,0,0
ENSMUSG00000040018,4909,451,401,339,416,456,432,402,437,502,389
ENSMUSG00000010663,4812,2833,2672,2894,2806,3136,2880,2610,3347,3073,3199
ENSMUSG00000098363,65,7,7,2,1,1,6,5,1,2,2
ENSMUSG00000064032,3333,16,13,10,6,2,10,8,4,6,2
ENSMUSG00000025193,1422,27,29,17,25,40,36,29,30,30,57
ENSMUSG00000024742,2422,17,12,6,2,4,7,5,2,9,8
ENSMUSG00000036372,1611,539,562,508,568,347,441,415,510,507,276
ENSMUSG00000025194,8532,1,3,6,9,10,1,6,11,10,1
ENSMUSG00000025195,8264,467,359,368,304,228,352,317,265,345,247
ENSMUSG00000036098,8562,35,36,54,39,723,51,64,68,93,1324
ENSMUSG00000088490,107,2,3,0,1,2,3,1,3,2,1
ENSMUSG00000118000,1963,0,0,2,1,0,0,2,0,4,2
ENSMUSG00002075235,117,0,0,0,0,0,0,1,0,0,0
ENSMUSG00000025196,3688,1,8,12,5,7,6,15,9,6,2
ENSMUSG00000035735,5747,366,572,848,1060,2123,453,761,1050,1315,1099
ENSMUSG00000118330,2372,5,2,9,2,12,7,6,6,8,9
ENSMUSG00000025197,2158,0,2,0,0,2,2,0,0,0,0
ENSMUSG00000025198,4961,379,346,419,416,418,406,340,320,394,270
ENSMUSG00000025199,5087,1024,938,726,755,553,1195,831,465,837,962
ENSMUSG00000025200,5433,377,314,293,372,185,379,276,308,316,209
ENSMUSG00000077391,146,0,0,0,1,0,0,1,0,1,0
ENSMUSG00000024743,7487,1326,2260,2574,3652,5137,2436,3287,4354,4314,4759
ENSMUSG00000118310,2756,12,28,31,40,38,39,43,25,59,32
ENSMUSG00000090291,2103,9,11,20,35,149,10,25,28,39,8
ENSMUSG00000057506,1788,496,463,408,484,376,503,469,590,579,344
ENSMUSG00000037578,3530,6,2,2,3,4,5,1,12,8,42
ENSMUSG00000025202,3552,18,22,22,24,29,29,48,67,50,118
ENSMUSG00000117900,2268,1,0,1,0,1,1,5,2,2,12
ENSMUSG00000118217,818,0,1,0,0,0,1,0,0,1,1
ENSMUSG00000117958,858,0,0,0,0,0,0,0,0,0,0
ENSMUSG00000035179,1652,26,25,26,56,26,18,29,84,76,23
ENSMUSG00000025203,5464,14194,13580,15882,15222,20645,13013,14323,14311,17184,32704
ENSMUSG00000093315,61,0,0,0,0,0,0,0,0,0,0
ENSMUSG00000117957,1175,1,0,0,0,1,1,0,0,1,0
ENSMUSG00000050195,3768,20,6,11,4,6,24,10,9,3,6
ENSMUSG00000037071,4892,287,361,861,689,2569,394,552,736,661,5976
ENSMUSG00000024668,7195,465,435,393,380,485,492,410,403,420,541
ENSMUSG00000118076,1023,0,0,0,0,0,0,1,0,0,0
ENSMUSG00000117796,1824,0,0,0,0,0,0,0,0,0,0
ENSMUSG00000036961,3479,126,54,34,17,3,46,3,13,6,4
ENSMUSG00000034820,6416,2471,2337,2223,1858,1099,2599,2141,1768,1696,1760
ENSMUSG00000051984,3950,13,9,8,5,4,10,17,9,16,15
ENSMUSG00000091471,225,0,0,0,0,0,0,0,0,0,0
ENSMUSG00000024667,3281,154,158,114,113,58,119,145,135,143,104
ENSMUSG00000025204,3146,484,471,383,566,870,704,603,907,824,929
ENSMUSG00000024666,2360,121,92,90,92,62,75,104,123,107,52
ENSMUSG00000117955,3034,26,14,23,19,15,24,20,20,17,13
ENSMUSG00000036450,6606,1148,994,837,809,801,927,823,666,816,917
ENSMUSG00000117911,2028,0,0,0,0,2,1,0,0,0,0
ENSMUSG00000117823,2376,0,0,0,0,0,1,1,0,1,1
ENSMUSG00000004231,5409,0,11,63,2,1,116,105,20,148,38
ENSMUSG00000092469,690,0,0,0,0,0,1,0,0,0,0
ENSMUSG00000098952,124,0,0,0,0,0,0,0,0,0,0
ENSMUSG00000092369,770,1,0,1,0,0,6,2,0,3,2
ENSMUSG00000117967,971,1,0,0,0,0,0,0,0,0,0
ENSMUSG00000034445,3910,139,166,133,218,146,128,147,244,210,99
ENSMUSG00000036097,7477,1172,1172,1234,1142,730,1602,1229,741,1047,1327
ENSMUSG00000065159,107,0,0,0,0,0,0,0,0,0,0
ENSMUSG00000118204,1154,4,2,0,1,2,2,4,0,3,2
ENSMUSG00000034371,4617,303,283,242,252,162,292,291,289,291,123
ENSMUSG00000025207,8661,2241,3007,3513,3143,1223,2514,3299,3709,3622,1648
ENSMUSG00000025208,1520,109,135,64,65,108,92,122,117,131,149
ENSMUSG00000025209,4013,504,432,397,370,248,395,290,227,211,225
ENSMUSG00000024740,6409,7008,5876,4639,4157,3422,6540,5139,4830,4552,3901
ENSMUSG00000035342,3608,609,574,349,330,331,345,521,445,363,434
ENSMUSG00000043789,5301,12,30,52,41,17,22,67,82,78,5
ENSMUSG00000118392,596,0,0,0,0,0,0,0,0,0,0
ENSMUSG00000024738,1615,0,0,0,0,1,0,0,0,0,0
ENSMUSG00000114772,585,0,0,1,0,0,0,0,0,0,0
ENSMUSG00000048832,2707,433,478,418,441,496,320,351,392,331,322
ENSMUSG00000074818,4055,89,151,184,212,112,145,194,276,287,65
ENSMUSG00000024669,4928,3,4,2,4,3,2,3,4,10,4
ENSMUSG00000025212,3110,1142,1513,1488,1627,1680,1188,1574,1943,1726,993
ENSMUSG00000025213,1681,4,3,5,4,13,9,4,10,12,33
ENSMUSG00000025215,2139,0,0,1,0,0,9,1,0,4,1
ENSMUSG00000092346,620,0,0,0,0,0,0,0,0,0,0
ENSMUSG00000025216,2484,0,3,15,1,0,61,18,4,19,33
ENSMUSG00000102057,398,0,0,0,0,0,0,0,0,0,0
ENSMUSG00000114673,437,0,0,0,0,0,0,0,0,0,0
ENSMUSG00000024670,7968,1,1,1,1,10,0,0,1,1,1
ENSMUSG00000024737,5491,23,21,28,16,20,20,16,18,19,13
ENSMUSG00000118027,1600,0,0,0,1,0,0,0,0,0,0
ENSMUSG00000024736,4548,1436,1888,1909,1712,1901,1535,2150,3231,2488,1889
ENSMUSG00000034659,3798,202,250,266,272,336,206,290,338,316,573
ENSMUSG00000025217,16908,1162,1123,911,1334,1196,1173,983,739,1124,983
ENSMUSG00000057605,888,1820,1416,997,928,485,1217,1318,1349,1072,617
ENSMUSG00000025218,2324,164,130,103,104,88,122,113,133,138,137
ENSMUSG00000041035,2350,183,196,157,189,287,276,226,330,271,336
ENSMUSG00000024735,7278,2898,2750,2398,2470,2257,2292,2297,2805,2499,2372
ENSMUSG00000024734,1981,2,1,3,9,6,0,3,14,12,0
ENSMUSG00000040913,3158,90,121,123,142,142,112,143,155,162,117
ENSMUSG00000034117,2644,3,2,1,3,3,2,2,0,1,1
ENSMUSG00000024732,5774,160,147,125,139,143,100,122,135,127,84
ENSMUSG00000024731,1011,0,0,0,0,0,0,0,0,0,0
ENSMUSG00000067571,1777,0,0,0,7,0,0,0,0,0,0
ENSMUSG00000094584,1453,0,0,0,0,0,0,0,0,0,0
ENSMUSG00000101264,382,0,0,0,0,0,0,0,0,0,0
ENSMUSG00000025219,1350,11,5,1,1,0,4,4,4,1,0
ENSMUSG00000024730,1795,0,0,0,0,0,0,0,0,1,0
ENSMUSG00000101439,1480,9,12,17,46,118,5,13,2,32,97
ENSMUSG00000024729,3661,0,0,0,0,0,0,0,0,0,0
ENSMUSG00000099998,916,912,655,825,620,353,644,471,273,363,201
ENSMUSG00000024728,805,0,0,0,0,0,0,0,0,0,0
ENSMUSG00000056209,1187,252,237,187,242,48,181,207,240,185,52
ENSMUSG00000057240,1389,0,0,0,0,0,0,0,0,0,0
ENSMUSG00000101031,1808,0,0,0,0,0,0,0,0,0,0
ENSMUSG00000024673,6187,0,0,1,0,2,0,0,0,0,1
ENSMUSG00000025220,8592,3705,3261,3310,3931,2490,4481,2983,2373,3377,2651
ENSMUSG00000054523,1518,0,0,0,0,0,0,0,0,0,0
ENSMUSG00000099398,4065,3,1,5,4,3,6,4,0,0,0
ENSMUSG00000024672,4453,5,14,28,10,3,13,24,0,17,8
ENSMUSG00000101389,836,3,3,9,0,1,4,6,0,2,0
ENSMUSG00000101024,1057,0,0,0,0,0,0,0,0,0,0
ENSMUSG00000024675,1751,0,0,0,1,0,0,0,0,0,0
ENSMUSG00000100615,802,216,188,90,186,248,224,179,160,339,561
ENSMUSG00000056290,8780,0,0,0,1,0,0,1,0,1,0
ENSMUSG00000079419,2050,3,9,17,3,3,8,16,0,3,0
ENSMUSG00000058470,5986,0,0,0,2,1,0,1,0,1,0
ENSMUSG00000100529,539,0,0,0,0,0,0,0,0,0,0
ENSMUSG00000024677,4485,12,11,19,13,22,30,26,6,14,8
ENSMUSG00000024678,1513,0,0,0,0,0,0,1,0,0,1
ENSMUSG00000067555,324,0,0,0,0,0,0,0,0,0,0
ENSMUSG00000104088,1532,0,0,0,0,0,0,0,0,0,1
ENSMUSG00000024679,1735,13,14,20,12,10,10,27,3,11,7
ENSMUSG00000119417,50,0,0,0,0,0,0,0,0,0,0
ENSMUSG00000024680,2813,0,0,1,2,0,1,3,1,2,0
ENSMUSG00000024681,1884,0,0,0,2,1,1,0,0,0,0
ENSMUSG00000055895,678,0,0,0,0,0,0,0,0,0,0
ENSMUSG00000041857,972,0,0,0,0,0,0,0,0,0,0
ENSMUSG00000088310,139,0,0,0,0,0,0,0,0,0,0
ENSMUSG00000089625,76,0,0,0,0,0,0,0,0,0,0
ENSMUSG00000055933,823,0,0,0,0,0,0,0,0,0,0
ENSMUSG00000100918,793,0,0,0,0,0,0,0,0,0,0
ENSMUSG00000024682,1537,0,1,0,0,0,1,1,1,0,0
ENSMUSG00000024683,3169,251,216,207,224,281,223,230,295,231,239
ENSMUSG00000025221,3675,102,184,297,578,1518,90,127,246,300,209
ENSMUSG00000039901,4385,385,388,413,441,374,477,435,403,482,327
ENSMUSG00000117956,1698,0,0,1,5,2,1,3,0,1,2
ENSMUSG00000117972,480,675,584,280,363,167,509,471,382,628,390
ENSMUSG00000097690,1190,1,0,0,0,1,1,0,1,1,1
ENSMUSG00000074811,2666,24,22,36,47,59,30,33,56,69,85
ENSMUSG00000041488,5711,247,326,381,684,464,603,613,726,861,882
ENSMUSG00000048292,3582,2,2,6,14,7,7,6,6,18,9
ENSMUSG00000060556,4046,0,0,0,0,0,0,0,0,0,0
ENSMUSG00000108966,199,0,0,0,0,0,0,0,0,0,0
ENSMUSG00000067545,3173,1,1,1,0,1,0,1,0,2,0
ENSMUSG00000051548,744,9,2,10,9,7,5,7,12,5,11
ENSMUSG00000060878,3066,4,4,5,2,3,10,2,4,7,3
ENSMUSG00000046139,4290,892,899,881,671,393,964,833,622,704,509
ENSMUSG00000104979,73,0,0,0,0,0,0,0,0,0,0
ENSMUSG00000077227,134,1,0,0,0,0,0,0,0,1,0
ENSMUSG00000024687,4488,1113,1080,1096,1067,1116,1148,1008,769,1025,1015
ENSMUSG00000109030,208,0,0,0,0,0,0,0,0,0,0
ENSMUSG00000109047,58,0,0,0,0,0,0,0,0,0,0
ENSMUSG00000108947,743,0,0,0,0,0,0,0,0,0,0
ENSMUSG00000109223,275,0,0,0,0,0,0,0,0,0,0
ENSMUSG00000067529,5570,0,0,0,0,1,0,0,0,0,0
ENSMUSG00000109417,94,0,0,0,0,0,0,0,0,0,0
ENSMUSG00000067528,1714,0,0,0,0,0,0,0,0,0,0
ENSMUSG00000067526,2178,1,0,0,0,0,0,0,0,0,0
ENSMUSG00000044994,3351,0,0,0,0,0,0,0,0,0,0
ENSMUSG00000067525,3342,0,0,0,0,0,0,0,0,0,0
ENSMUSG00000067524,2131,0,0,0,0,0,0,0,0,0,0
ENSMUSG00000067522,3175,0,0,0,0,0,0,0,0,0,0
ENSMUSG00000108889,2918,0,0,1,0,0,0,0,0,0,0
ENSMUSG00000109410,917,0,0,0,0,0,0,0,0,0,0
ENSMUSG00000094133,3184,0,0,0,0,0,0,0,0,0,0
ENSMUSG00000109022,2068,0,0,0,0,0,0,0,0,0,0
ENSMUSG00000025223,4606,5517,5378,4421,3244,1585,3648,3873,3196,2404,1533
ENSMUSG00000067519,939,0,0,0,0,1,0,0,0,0,0
ENSMUSG00000097646,156,0,0,0,0,0,0,0,0,0,0
ENSMUSG00000060049,3576,0,0,0,0,0,0,1,0,0,0
ENSMUSG00000118093,1349,2,6,1,4,4,3,3,2,2,1
ENSMUSG00000095640,2769,0,0,0,0,0,0,0,0,0,0
ENSMUSG00000109433,249,0,0,0,0,0,0,0,0,0,0
ENSMUSG00000067513,948,0,0,0,0,0,0,0,0,0,0
ENSMUSG00000109229,154,0,0,0,0,0,0,0,0,0,0
ENSMUSG00000096436,3966,0,0,1,0,0,0,0,0,0,0
ENSMUSG00000109328,4761,0,0,0,0,0,0,0,0,0,0
ENSMUSG00000109007,824,0,0,0,0,0,0,0,0,0,0
ENSMUSG00000046650,7609,0,0,0,0,1,0,0,0,0,0
ENSMUSG00000050815,2200,0,0,0,0,0,0,0,0,0,0
ENSMUSG00000040065,3918,1,0,0,0,0,0,1,0,0,0
ENSMUSG00000046805,4334,143,145,224,188,266,147,112,160,216,182
ENSMUSG00000039982,5226,1167,1261,1669,2355,1138,2324,2386,2641,2209,600
ENSMUSG00000086213,2323,0,2,0,3,6,2,0,3,2,3
ENSMUSG00000114644,448,0,0,0,0,0,0,0,0,0,0
ENSMUSG00000111118,1786,1,1,4,7,16,3,7,4,18,21
ENSMUSG00000114761,475,1,0,0,4,0,0,0,0,3,1
ENSMUSG00000055491,6284,895,913,1036,770,472,598,850,798,811,312
ENSMUSG00000024691,4125,512,270,294,204,69,348,229,163,189,32
ENSMUSG00000084836,592,0,0,0,0,0,0,0,0,0,0
ENSMUSG00000071633,2254,1,0,2,5,0,0,2,1,3,2
ENSMUSG00000063683,4780,0,0,1,0,0,0,0,0,1,1
ENSMUSG00000065892,107,0,0,0,0,0,0,0,0,0,0
ENSMUSG00000044441,3629,0,0,0,0,0,0,0,0,0,0
ENSMUSG00000045030,4397,0,0,0,0,0,0,0,0,0,0
ENSMUSG00000109309,145,0,0,0,0,0,0,0,0,0,0
ENSMUSG00000024694,5664,0,0,0,0,0,0,1,0,1,0
ENSMUSG00000084981,879,0,0,0,0,0,0,0,0,0,0
ENSMUSG00000079415,1073,7,3,3,3,2,5,6,2,2,4
ENSMUSG00000118491,3221,0,0,0,0,0,0,0,0,0,0
ENSMUSG00000024695,9199,1522,1203,1172,1130,1476,1384,1144,978,1238,1969
ENSMUSG00000015176,3971,1659,1357,1373,1211,798,1350,1295,1171,1048,745
ENSMUSG00000117703,414,0,0,0,0,0,0,0,0,0,0
ENSMUSG00000038754,1975,0,0,0,0,1,0,5,2,0,0
ENSMUSG00000024696,1790,17,7,6,12,9,15,8,4,17,12
ENSMUSG00000091014,743,0,0,0,0,0,0,0,0,0,0
ENSMUSG00000025229,1526,0,1,0,1,1,16,29,35,18,2
ENSMUSG00000046272,1895,0,0,0,0,0,0,0,0,0,0
ENSMUSG00000045126,1001,0,0,0,0,0,0,0,0,0,0
ENSMUSG00000057817,2596,0,0,0,0,0,0,0,0,0,0
ENSMUSG00000060303,2655,0,0,0,0,0,0,0,0,0,0
ENSMUSG00000112693,1522,206,157,278,192,237,259,181,188,173,332
ENSMUSG00000048456,4336,0,0,0,0,0,0,0,0,0,0
ENSMUSG00000049498,1304,0,0,0,0,0,0,0,0,0,0
ENSMUSG00000062892,3113,0,0,0,0,0,0,0,0,0,0
ENSMUSG00000046913,1698,0,0,0,0,0,0,0,0,0,0
ENSMUSG00000109148,925,0,0,0,0,0,0,0,0,0,0
ENSMUSG00000094755,924,0,0,0,0,0,0,0,0,0,0
ENSMUSG00000094986,4284,0,0,0,0,0,0,0,0,0,0
ENSMUSG00000109126,771,0,0,0,0,0,0,0,0,0,0
ENSMUSG00000067482,518,0,0,0,0,0,0,0,0,0,0
ENSMUSG00000061637,2549,0,0,0,0,0,0,0,0,0,0
ENSMUSG00000062844,1914,0,0,0,0,0,0,0,0,0,0
ENSMUSG00000057503,8929,13,11,10,17,4,11,11,9,15,6
ENSMUSG00000109415,899,0,0,0,0,0,0,0,0,0,0
ENSMUSG00000045883,3525,0,0,0,0,0,0,0,0,0,0
ENSMUSG00000094721,3424,0,0,0,0,0,0,0,0,0,0
ENSMUSG00000096365,2315,0,0,0,0,0,0,0,0,0,0
ENSMUSG00000109100,923,0,0,0,0,0,0,0,0,0,0
ENSMUSG00000119251,107,0,0,0,0,0,0,0,0,0,0
ENSMUSG00000062199,1561,0,0,0,0,0,0,0,0,0,0
ENSMUSG00000096485,1981,0,0,0,0,0,0,0,0,0,0
ENSMUSG00000049015,3671,0,0,0,0,0,0,0,0,0,0
ENSMUSG00000109544,1208,0,0,0,0,0,0,0,0,0,0
ENSMUSG00000108881,484,0,0,0,0,0,0,0,0,0,0
ENSMUSG00000063777,4106,0,0,0,0,0,0,0,0,0,0
ENSMUSG00000109230,949,0,0,0,0,0,0,0,0,0,0
ENSMUSG00000096320,3858,0,0,0,0,0,0,0,0,0,0
ENSMUSG00000095189,1377,0,0,0,0,0,0,0,0,0,0
ENSMUSG00000109573,958,0,0,0,0,0,0,0,0,0,0
ENSMUSG00000096273,1539,0,0,0,0,0,0,0,0,0,0
ENSMUSG00000096708,945,0,0,0,0,0,0,0,0,0,0
ENSMUSG00000109189,367,0,0,0,0,0,0,0,0,0,0
ENSMUSG00000071629,4040,0,0,0,0,0,0,0,0,0,0
ENSMUSG00000025224,10855,1664,1668,1813,1824,1708,1814,2007,1887,1939,1591
ENSMUSG00000109184,391,0,0,0,0,0,0,0,0,0,0
ENSMUSG00000108887,382,0,0,0,0,0,0,0,0,0,0
ENSMUSG00000118174,2584,0,0,0,0,0,0,1,0,0,0
ENSMUSG00000095484,2144,0,0,0,0,0,0,0,0,0,0
ENSMUSG00000108945,134,0,0,0,0,0,0,0,0,0,0
ENSMUSG00000109319,178,0,0,0,0,0,0,0,0,0,0
ENSMUSG00000108974,334,0,0,0,0,0,0,0,0,0,0
ENSMUSG00000093525,479,54,60,51,44,33,31,44,75,42,22
ENSMUSG00000086816,892,1,0,0,0,0,1,0,0,0,0
ENSMUSG00000096289,3842,0,0,0,0,0,0,0,0,0,0
ENSMUSG00000109496,370,0,0,0,0,0,0,0,0,0,0
ENSMUSG00000109343,220,0,0,0,0,0,0,0,0,0,0
ENSMUSG00002075623,109,0,0,0,0,0,0,0,0,0,0
ENSMUSG00002076425,109,0,0,0,0,0,0,0,0,0,0
ENSMUSG00000094846,4157,0,0,0,0,0,0,0,0,0,0
ENSMUSG00000109285,136,0,0,0,0,0,0,0,0,0,0
ENSMUSG00000045678,11280,0,0,0,0,0,0,0,0,0,0
ENSMUSG00000077291,132,0,0,0,0,0,0,0,0,0,0
ENSMUSG00000061387,5165,0,0,0,0,0,0,0,0,0,0
ENSMUSG00000051156,1729,0,0,0,0,0,0,0,0,0,0
ENSMUSG00000109527,865,0,0,0,0,0,0,0,0,0,0
ENSMUSG00000109520,1828,0,0,0,0,0,0,0,0,0,0
ENSMUSG00000050865,2156,0,0,0,0,1,0,0,0,0,0
ENSMUSG00000047207,2095,0,0,0,0,0,0,0,0,0,0
ENSMUSG00000048356,2454,0,0,0,0,0,0,0,0,0,0
ENSMUSG00000044040,1672,0,0,0,0,0,0,0,0,0,0
ENSMUSG00000109530,991,0,0,0,0,0,0,0,0,0,0
ENSMUSG00000045395,1834,0,0,0,0,0,0,0,0,0,0
ENSMUSG00000054526,2894,0,0,0,0,0,0,0,0,0,0
ENSMUSG00000057270,4472,0,0,0,0,0,0,0,0,0,0
ENSMUSG00000056858,951,0,0,0,0,0,0,0,0,0,0
ENSMUSG00000058078,803,0,0,0,0,0,0,0,0,0,0
ENSMUSG00000059105,1597,0,0,0,0,0,0,0,0,0,0
ENSMUSG00000062314,3685,0,0,0,0,0,0,0,0,0,0
ENSMUSG00000098074,789,0,0,0,0,0,0,0,0,0,0
ENSMUSG00000025225,4584,45,58,59,53,51,47,76,45,57,57
ENSMUSG00000024642,5702,1107,1317,1415,1198,977,1286,966,739,873,406
ENSMUSG00000103488,267,0,0,0,0,0,0,0,0,0,0
ENSMUSG00002076668,123,0,0,0,0,0,0,0,0,0,0
ENSMUSG00000063586,1218,5,8,6,4,1,10,9,1,4,3
ENSMUSG00000118757,107,0,0,0,0,0,0,0,0,0,0
ENSMUSG00000117995,3683,3,3,1,0,0,1,1,1,3,0
ENSMUSG00000024640,4254,2589,1728,1063,962,1201,1995,1790,1342,1297,1370
ENSMUSG00000090147,556,0,0,0,0,0,0,0,0,0,0
ENSMUSG00000041491,3103,691,508,391,357,157,586,376,332,306,213
ENSMUSG00000117711,267,0,0,1,1,0,2,0,0,0,0
ENSMUSG00000037126,7636,1584,2509,3115,4491,3871,2036,3248,5080,4618,1346
ENSMUSG00000024639,6185,3220,3756,4630,5778,4273,4034,3938,3784,5008,2830
ENSMUSG00000057990,494,1252,1058,894,1120,1077,986,1064,1504,1462,1436
ENSMUSG00000075268,561,1233,1507,736,1152,1023,1024,1300,1489,1324,765
ENSMUSG00000078528,980,1,1,0,0,0,1,1,0,3,0
ENSMUSG00000098718,113,0,0,0,0,0,0,0,0,0,0
ENSMUSG00000118142,797,0,1,0,0,0,1,0,0,0,0
ENSMUSG00000025226,1348,49,72,35,52,63,49,56,97,72,83
ENSMUSG00000118033,1075,1,3,1,1,0,4,3,1,2,1
ENSMUSG00000024697,3434,16,19,9,2,13,5,6,5,10,5
ENSMUSG00000117699,543,0,0,0,0,0,0,0,0,0,0
ENSMUSG00000118023,309,0,0,0,0,0,1,0,0,0,0
ENSMUSG00000036748,2358,1395,1305,1330,1258,1035,1116,1134,1786,1156,931
ENSMUSG00000025227,2804,73,91,100,150,318,67,80,144,115,178
ENSMUSG00000070127,109,0,0,0,0,0,0,0,0,0,0
ENSMUSG00000099655,1373,9,6,3,11,7,6,10,12,6,8
ENSMUSG00000065204,109,0,0,0,1,1,0,0,0,2,1
ENSMUSG00000025228,4320,3893,4001,3513,3896,2862,3524,3486,4342,4039,2388
ENSMUSG00000046230,17801,432,433,486,525,1021,571,411,224,477,1115
ENSMUSG00000114931,463,23,38,27,23,13,17,29,20,14,16
ENSMUSG00000046388,552,0,0,0,0,0,0,0,0,0,0
ENSMUSG00000118126,1709,2,3,0,1,0,7,0,5,5,0
ENSMUSG00000056829,1487,4,4,5,0,2,10,0,6,4,0
ENSMUSG00000039126,20297,106,135,201,303,981,244,224,217,513,3081
ENSMUSG00000025231,7691,667,654,579,446,294,469,545,348,474,244
ENSMUSG00002075332,407,0,0,0,0,0,0,0,0,0,0
ENSMUSG00002076046,261,0,0,0,0,0,0,0,0,0,0
ENSMUSG00000117941,805,0,0,0,0,0,0,0,0,0,1
ENSMUSG00000118367,1883,0,0,0,0,0,0,0,0,0,0
ENSMUSG00000117946,355,0,0,0,0,0,0,0,0,0,0
ENSMUSG00000025034,3709,837,940,909,853,845,632,895,924,854,563
ENSMUSG00000038843,5760,10,21,18,25,52,23,18,8,30,353
ENSMUSG00000024712,2603,698,700,531,485,751,639,642,699,617,1010
ENSMUSG00000025035,2490,915,800,868,817,816,964,717,1230,804,857
ENSMUSG00000025036,5815,334,311,301,278,104,220,323,237,263,125
ENSMUSG00000047731,4463,1054,998,835,727,740,865,967,817,886,477
ENSMUSG00000118040,2621,2,5,1,2,0,0,0,0,3,3
ENSMUSG00000024713,14447,121,172,212,338,298,182,245,200,420,93
ENSMUSG00000003555,2769,3,21,1,3,0,3,20,1,0,2
ENSMUSG00000118270,138,0,2,2,3,1,1,2,2,0,1
ENSMUSG00000088370,103,0,0,0,0,0,0,0,0,0,0
ENSMUSG00000118079,452,0,0,1,0,0,0,0,0,0,0
ENSMUSG00000097937,1007,1,2,0,0,0,0,1,0,0,0
ENSMUSG00000119544,93,0,0,0,0,0,0,0,0,0,0
ENSMUSG00000117822,1387,5183,4525,2917,3530,1649,3615,3652,3145,3450,1413
ENSMUSG00002076798,116,0,0,0,0,0,0,0,0,0,0
ENSMUSG00000117687,663,0,0,0,0,0,0,0,0,0,0
ENSMUSG00000117774,648,0,0,0,0,0,0,0,0,0,0
ENSMUSG00000062376,2176,172,162,203,221,290,262,249,349,300,313
ENSMUSG00000118192,673,0,0,0,0,0,0,0,0,0,0
ENSMUSG00000003559,3212,156,118,113,124,121,264,256,300,255,233
ENSMUSG00000024725,5110,130,128,150,125,182,160,180,107,204,190
ENSMUSG00000080783,774,8,16,7,4,3,10,2,4,4,4
ENSMUSG00000064105,5167,187,197,290,304,502,351,345,320,425,526
ENSMUSG00000117814,1945,90,99,95,144,147,154,150,126,189,188
ENSMUSG00000037847,3689,41,40,36,31,57,51,36,14,59,66
ENSMUSG00000024726,4807,392,351,284,223,213,386,353,174,386,302
ENSMUSG00000047044,1677,585,491,291,286,206,359,367,320,308,302
ENSMUSG00000117878,701,0,0,0,0,0,0,0,0,0,0
ENSMUSG00000064941,164,14,4,132,36,48,99,5,18,2,9
ENSMUSG00000024727,7719,18,16,18,17,36,21,24,14,19,30
ENSMUSG00002075776,216,0,0,0,0,0,0,0,0,0,0
ENSMUSG00000036192,11076,249,314,302,477,564,254,244,276,274,294
ENSMUSG00000117909,665,0,0,0,0,0,0,0,0,0,0
ENSMUSG00000025041,11037,1113,1053,1056,1236,877,1457,1231,1295,1318,1246
ENSMUSG00000088907,132,0,0,0,0,0,0,0,0,0,0
ENSMUSG00000118109,996,0,0,0,0,0,0,0,0,0,0
ENSMUSG00000118167,2705,4,2,1,1,0,2,4,2,0,0
ENSMUSG00000064783,132,0,0,0,0,0,0,0,0,0,0
ENSMUSG00000118067,654,1,0,0,0,0,2,0,0,0,0
ENSMUSG00000034336,3240,6053,6679,7271,4970,3322,12005,9891,10603,6980,3130
ENSMUSG00000025050,5027,678,737,567,608,322,968,830,652,709,589
ENSMUSG00000117691,744,0,0,1,0,0,0,0,0,1,0
ENSMUSG00000118915,107,0,0,0,0,0,1,0,0,0,0
ENSMUSG00000025049,3260,267,233,193,172,81,281,171,162,123,129
ENSMUSG00000071528,2755,920,796,952,935,1314,869,770,1270,916,1313
ENSMUSG00000025047,9756,1030,879,762,685,394,861,718,570,625,529
ENSMUSG00000033033,4361,9,7,10,16,39,8,14,2,11,9
ENSMUSG00000079258,1253,0,0,0,0,0,0,0,0,0,0
ENSMUSG00000094219,1044,0,0,1,1,0,1,0,0,0,0
ENSMUSG00000091230,666,0,0,1,0,1,2,3,0,5,0
ENSMUSG00000024659,2911,29,48,68,65,27,38,79,25,45,38
ENSMUSG00000114469,5929,0,0,0,5,18,0,0,0,1,3
ENSMUSG00000006435,7284,182,315,374,565,1222,244,459,746,801,1027
ENSMUSG00000118127,1600,0,0,0,0,1,0,0,1,0,1
ENSMUSG00000117659,459,1,0,0,0,1,0,0,0,0,0
ENSMUSG00000118029,2090,15,17,36,21,24,24,28,41,36,87
ENSMUSG00000053279,4937,13,30,68,90,312,71,373,407,402,2498
ENSMUSG00000047168,685,0,0,0,0,0,0,0,0,0,1
ENSMUSG00000024747,2066,15,17,51,27,32,30,45,10,20,29
ENSMUSG00000024749,7190,0,3,0,1,1,3,4,3,3,2
ENSMUSG00000118293,520,0,0,1,0,0,0,0,0,0,0
ENSMUSG00000053617,11593,1283,1065,1159,851,768,869,1098,403,989,534
ENSMUSG00000098786,71,0,1,0,0,0,0,0,0,1,0
ENSMUSG00000118047,1477,0,0,0,0,0,0,0,0,0,0
ENSMUSG00000118086,3035,2,1,2,2,2,3,5,3,6,4
ENSMUSG00000118090,969,0,0,0,0,0,0,0,0,0,0
ENSMUSG00000118044,707,0,0,0,0,0,0,0,0,0,0
ENSMUSG00000024750,10751,1803,1722,1458,1753,1897,2414,1768,1316,1943,3260
ENSMUSG00000118342,450,0,0,0,0,0,0,0,0,0,0
ENSMUSG00000042694,4045,303,238,206,201,179,227,194,183,211,104
ENSMUSG00000097990,2765,16,17,20,11,8,17,20,4,8,6
ENSMUSG00000058624,6235,78,183,481,1192,3870,22,25,77,147,158
ENSMUSG00000079382,1596,1,0,3,2,3,1,1,0,1,4
ENSMUSG00000035171,3067,444,351,232,314,225,535,337,299,402,455
ENSMUSG00000047368,2833,335,318,271,349,358,340,323,282,373,665
ENSMUSG00000118055,476,0,0,0,0,0,0,0,0,0,0
ENSMUSG00000025060,8356,1285,1026,1101,936,1593,1225,880,461,784,1839
ENSMUSG00000118206,2705,3,1,3,3,3,6,3,4,3,2
ENSMUSG00000086121,504,0,0,0,0,0,0,0,1,0,1
ENSMUSG00000024754,8520,1880,1261,899,806,518,2434,1314,542,784,419
ENSMUSG00000118021,837,1,1,0,0,0,1,0,0,1,0
ENSMUSG00000045104,1002,702,891,700,1015,2301,927,826,808,1131,2626
ENSMUSG00000118237,680,0,0,0,0,0,0,0,0,0,0
ENSMUSG00000118273,1340,0,0,0,0,0,1,0,1,0,0
ENSMUSG00000118226,971,1,2,1,4,1,4,1,0,2,0
ENSMUSG00000025064,6011,3,4,2,11,10,7,4,10,15,19
ENSMUSG00000117702,1212,0,0,0,0,0,0,0,0,0,0
ENSMUSG00000088525,116,0,0,0,0,0,0,0,0,0,0
ENSMUSG00001118662,104,0,0,0,0,0,0,0,0,0,0
ENSMUSG00000118149,1102,0,0,0,0,0,0,0,0,0,0
ENSMUSG00000025066,1915,1732,1226,1286,1422,1071,1410,1126,1138,1304,1094
ENSMUSG00000044948,7059,148,104,146,206,76,148,157,119,195,119
ENSMUSG00000099069,136,0,0,0,0,0,0,0,0,0,0
ENSMUSG00000025068,2023,332,465,405,541,366,363,484,758,501,201
ENSMUSG00000025069,2349,18,19,13,22,14,13,33,12,22,28
ENSMUSG00000117975,3950,170,136,69,62,24,138,81,48,56,12
ENSMUSG00002075899,82,0,0,0,0,0,0,0,0,0,0
ENSMUSG00000046585,3500,11,8,9,10,5,19,19,11,13,3
ENSMUSG00000117690,419,0,0,0,0,0,0,0,0,0,0
ENSMUSG00000063434,7130,242,214,345,441,592,531,338,642,739,415
ENSMUSG00002075051,111,0,1,0,0,0,0,0,0,0,0
ENSMUSG00000117930,2360,2,1,0,2,4,3,1,0,2,0
ENSMUSG00000118014,1513,0,0,0,0,0,0,0,0,0,0
ENSMUSG00000117996,238,0,0,0,0,0,0,0,0,0,0
ENSMUSG00000118111,741,0,0,0,0,0,1,0,0,0,0
ENSMUSG00000117931,841,0,0,0,0,0,0,0,0,0,0
ENSMUSG00000118059,732,0,0,0,0,0,0,0,0,0,0
ENSMUSG00002076593,79,0,0,0,0,0,0,0,0,0,0
ENSMUSG00000117697,847,0,0,0,0,0,0,0,0,0,0
ENSMUSG00000062083,612,2,1,2,0,1,1,5,4,1,1
ENSMUSG00000043531,8441,396,390,506,547,990,783,682,572,889,519
ENSMUSG00002075054,125,2,0,3,2,3,5,0,3,3,0
ENSMUSG00000110007,3332,1,0,1,6,3,3,4,2,8,4
ENSMUSG00000097446,2276,0,0,0,0,0,0,0,0,0,0
ENSMUSG00000117758,457,0,0,0,0,0,0,0,0,0,0
ENSMUSG00002076015,37,0,0,0,0,0,0,0,0,0,0
ENSMUSG00000118338,3286,0,0,1,0,0,0,0,0,0,0
ENSMUSG00000065143,107,0,0,0,0,0,0,0,0,0,0
ENSMUSG00000117806,1079,0,0,0,0,0,0,0,0,0,0
ENSMUSG00000118158,263,0,0,0,0,0,0,0,0,0,0
ENSMUSG00000097719,377,3,1,1,1,0,0,1,1,2,0
ENSMUSG00000117867,1077,0,0,0,0,0,0,0,0,0,1
ENSMUSG00000118173,306,0,0,0,0,0,0,0,0,3,0
ENSMUSG00000035804,1062,0,0,0,0,0,0,0,0,0,0
ENSMUSG00000118128,2705,52,36,29,30,16,52,44,27,28,31
ENSMUSG00000118114,1055,0,0,0,0,0,0,0,0,0,0
ENSMUSG00000117896,2130,6,13,13,10,19,10,8,5,8,3
ENSMUSG00000025027,9234,1225,918,967,1052,984,952,790,991,939,574
ENSMUSG00000098730,101,0,1,0,1,0,0,0,0,0,1
ENSMUSG00000099988,4290,1,2,2,0,2,1,0,0,0,2
ENSMUSG00000118233,1119,0,0,0,0,0,0,0,0,0,0
ENSMUSG00000118003,854,0,0,0,0,0,0,0,0,0,0
ENSMUSG00000025026,6380,639,579,909,1149,2028,560,721,537,1337,2080
ENSMUSG00002075407,107,0,0,0,0,0,0,0,0,0,0
ENSMUSG00000118314,1535,5,1,9,3,5,1,0,1,4,4
ENSMUSG00000118350,234,0,0,0,0,0,0,0,0,0,0
ENSMUSG00000025025,6823,875,785,804,577,808,744,636,484,489,759
ENSMUSG00000118369,3136,7,2,1,4,21,0,1,0,8,24
ENSMUSG00000067085,201,0,0,0,0,0,0,0,0,0,0
ENSMUSG00000025024,2477,493,485,437,495,348,502,395,294,342,414
ENSMUSG00000118378,2992,0,0,0,0,0,0,1,0,1,1
ENSMUSG00000034765,2473,18,13,50,48,102,8,42,21,82,600
ENSMUSG00000071497,901,1469,1208,910,725,547,941,1018,979,735,423
ENSMUSG00000118159,870,3,3,7,7,5,3,3,7,5,9
ENSMUSG00000024974,5541,3102,2141,2436,1923,1121,2965,1769,1384,1496,1336
ENSMUSG00000043639,6790,386,200,86,99,69,50,40,34,48,57
ENSMUSG00000089807,420,0,0,0,0,1,0,0,0,0,0
ENSMUSG00000089679,2766,3,1,0,5,6,0,0,0,3,1
ENSMUSG00000117693,402,0,0,0,0,0,0,0,0,0,0
ENSMUSG00000024975,3135,996,758,662,513,886,881,637,570,605,707
ENSMUSG00000052387,24437,1031,1085,1869,2095,1987,1347,1704,1346,2540,3830
ENSMUSG00000084957,4402,869,759,825,994,714,774,610,752,795,796
ENSMUSG00000024976,5579,1196,1034,1265,1274,978,1365,1118,1148,1219,765
ENSMUSG00000088558,98,0,0,0,0,1,0,0,0,0,0
ENSMUSG00000117704,2415,0,0,0,0,0,0,0,0,1,0
ENSMUSG00000098739,1175,1,2,2,4,3,4,2,1,3,4
ENSMUSG00000118353,780,910,649,764,813,517,531,484,584,516,305
ENSMUSG00000117981,808,0,0,1,1,0,0,0,0,0,0
ENSMUSG00000065507,68,0,0,0,0,0,0,3,0,0,0
ENSMUSG00000033717,4832,106,151,270,248,434,182,351,325,359,149
ENSMUSG00000117921,1731,1,0,0,0,0,0,0,0,0,0
ENSMUSG00000118324,3064,0,0,0,0,0,0,0,0,0,0
ENSMUSG00000117755,225,0,0,0,0,0,0,0,0,0,0
ENSMUSG00000118207,646,0,0,0,0,0,0,0,0,0,0
ENSMUSG00000024978,6664,726,806,793,1093,1912,907,939,888,1187,1513
ENSMUSG00000118099,1560,7,16,19,18,20,5,5,5,8,10
ENSMUSG00000024979,3820,0,1,1,2,6,6,2,8,6,3
ENSMUSG00000098289,57,0,0,0,0,0,0,0,0,0,0
ENSMUSG00000055523,3888,1,1,2,8,51,2,1,0,1,2
ENSMUSG00000024981,4864,125,115,204,346,666,212,183,306,355,298
ENSMUSG00000024982,8284,584,479,441,398,369,588,466,430,478,469
ENSMUSG00000024983,12304,609,604,671,666,1107,765,694,939,763,859
ENSMUSG00000024985,8894,1334,2062,228,781,974,5536,3806,6966,5580,1125
ENSMUSG00000099746,3525,2,1,0,1,1,2,0,2,2,1
ENSMUSG00000117833,397,0,0,0,0,0,1,1,0,1,0
ENSMUSG00000117827,2691,0,0,0,0,0,0,0,0,0,0
ENSMUSG00000117695,5108,0,0,0,0,1,1,0,0,0,0
ENSMUSG00000117779,626,209,199,283,243,165,197,172,248,199,79
ENSMUSG00000024843,12024,824,871,887,1059,1041,783,955,817,897,1442
ENSMUSG00000117912,382,0,0,0,0,0,0,0,0,0,0
ENSMUSG00000001750,4603,161,166,205,188,205,151,206,163,207,237
ENSMUSG00000059734,1291,438,469,425,469,747,432,457,668,616,762
ENSMUSG00000024885,2046,17,12,16,26,41,12,20,17,31,64
ENSMUSG00000118129,296,0,0,0,0,0,0,0,0,0,0
ENSMUSG00000036908,3031,55,92,91,88,128,69,87,72,137,94
ENSMUSG00000037263,4179,0,0,0,0,1,0,0,0,1,2
ENSMUSG00000075296,2142,3,6,11,17,36,1,1,21,18,7
ENSMUSG00000024866,2043,13,15,14,11,23,6,16,8,23,32
ENSMUSG00000037477,1778,0,0,1,1,0,4,0,0,2,2
ENSMUSG00000118132,995,5,7,5,8,7,9,5,11,7,8
ENSMUSG00000110949,1135,0,0,0,0,0,0,0,0,0,0
ENSMUSG00000024869,3904,151,188,200,171,34,151,128,143,109,55
ENSMUSG00000086107,362,0,0,0,0,0,0,0,0,0,0
ENSMUSG00000024871,3035,61,67,58,42,15,48,52,73,42,35
ENSMUSG00000037916,2634,1035,963,776,934,1122,939,971,1247,1140,1854
ENSMUSG00000060803,1548,163,273,239,229,340,263,351,515,285,627
ENSMUSG00000038155,1113,0,1,2,1,2,1,2,2,1,8
ENSMUSG00000058216,908,0,0,0,0,0,0,0,0,0,0
ENSMUSG00000104921,216,0,0,0,0,0,0,0,0,0,0
ENSMUSG00000064400,215,0,0,0,0,0,0,0,0,0,0
ENSMUSG00000024857,1350,0,0,0,0,0,1,0,2,0,27
ENSMUSG00000024856,1636,165,214,178,176,144,136,237,268,177,266
ENSMUSG00000024851,7030,634,1082,1330,1922,2899,1032,1618,2747,2799,4283
ENSMUSG00000024847,1991,319,321,336,290,373,375,344,469,334,614
ENSMUSG00000024845,1848,296,278,195,195,231,152,227,220,254,227
ENSMUSG00000024842,3518,13,13,21,16,13,24,18,27,15,49
ENSMUSG00000044724,3936,3,2,3,1,0,1,5,3,0,2
ENSMUSG00000024835,3204,765,789,808,802,669,718,710,766,728,786
ENSMUSG00000045826,1611,0,0,0,0,0,0,0,0,0,0
ENSMUSG00000024830,5167,531,591,597,550,468,546,630,662,575,621
ENSMUSG00000075289,4525,45,25,48,50,72,40,53,80,82,272
ENSMUSG00000117905,3709,3,0,1,4,5,1,1,1,7,17
ENSMUSG00000097233,3877,6,2,2,8,13,4,4,4,9,46
ENSMUSG00000040247,3623,7,3,6,12,13,7,15,8,19,7
ENSMUSG00000040385,2520,2026,1830,1705,1656,1846,1945,1806,2301,1789,1480
ENSMUSG00000117839,241,0,1,0,2,0,0,0,0,0,0
ENSMUSG00000024824,2362,262,216,190,174,111,185,208,240,218,181
ENSMUSG00000040663,3806,27,19,32,31,11,19,30,18,45,11
ENSMUSG00000117873,597,0,0,0,0,0,0,0,0,0,0
ENSMUSG00002075602,87,0,0,0,0,0,0,0,0,0,0
ENSMUSG00000024854,1164,42,46,46,41,52,29,39,57,53,39
ENSMUSG00000034616,6080,266,420,517,580,596,587,747,1090,1074,998
ENSMUSG00000099290,61,0,0,0,0,0,0,0,0,0,0
ENSMUSG00000005986,2460,280,495,594,677,855,613,820,1204,1219,767
ENSMUSG00000118344,509,12,20,24,17,30,21,32,23,23,31
ENSMUSG00000024858,4476,1350,1634,1759,2004,2172,1482,1778,2374,2339,3047
ENSMUSG00000054611,14446,2313,2204,2278,1987,1752,2128,1872,1592,1940,1793
ENSMUSG00002076626,86,0,0,0,0,0,0,0,0,0,0
ENSMUSG00000102349,453,0,0,0,0,0,0,0,0,0,0
ENSMUSG00002074969,56,0,0,0,0,0,0,0,0,0,0
ENSMUSG00002076852,152,0,0,0,0,0,0,0,0,0,0
ENSMUSG00002075794,110,0,0,0,0,0,0,0,0,0,0
ENSMUSG00002076763,122,0,0,0,0,0,0,0,0,0,0
ENSMUSG00000024816,5082,214,212,130,120,151,132,174,123,162,346
ENSMUSG00000024818,2762,22,29,30,32,70,23,26,18,32,39
ENSMUSG00000044390,2160,161,142,99,99,45,162,112,170,105,45
ENSMUSG00000024826,6501,1532,1508,1366,900,789,1582,1347,1294,1090,1143
ENSMUSG00000045664,3411,58,184,207,125,169,126,300,537,271,397
ENSMUSG00000024833,8294,655,470,322,204,126,277,320,239,227,133
ENSMUSG00000037451,1897,0,0,0,0,0,0,0,0,0,0
ENSMUSG00000024942,3346,47,81,118,116,263,87,143,237,177,269
ENSMUSG00000097404,1969,1,1,3,6,5,3,3,3,3,16
ENSMUSG00000118194,328,0,0,0,0,0,0,1,0,0,0
ENSMUSG00000094281,132,14,17,20,9,4,19,13,12,7,9
ENSMUSG00000024807,4859,616,744,800,759,764,543,823,869,853,646
ENSMUSG00000098928,59,0,0,0,0,0,0,0,0,0,0
ENSMUSG00000007338,1876,692,537,465,458,601,535,500,566,456,547
ENSMUSG00000118496,141,1,1,0,1,1,0,1,0,0,0
ENSMUSG00000038274,961,2791,2640,1894,1702,1197,1741,2328,2534,1945,993
ENSMUSG00000075227,1281,42,53,32,40,71,31,45,53,56,50
ENSMUSG00000024799,4403,438,537,559,605,393,497,704,922,736,339
ENSMUSG00000024797,4520,437,457,452,399,332,453,475,570,499,401
ENSMUSG00000100621,728,3,0,1,1,0,1,0,2,0,0
ENSMUSG00000047733,545,5,1,3,5,1,1,0,3,2,1
ENSMUSG00000024792,1810,217,269,294,281,181,182,274,296,235,126
ENSMUSG00000024791,2129,225,130,46,33,4,69,51,12,38,2
ENSMUSG00000117666,1058,17,13,6,3,1,5,5,0,4,0
ENSMUSG00000054999,2491,64,51,39,33,7,19,18,20,28,3
ENSMUSG00000024790,1442,154,162,138,148,149,98,141,212,157,88
ENSMUSG00000024787,2293,283,310,315,351,351,352,360,536,439,420
ENSMUSG00000024944,3456,414,385,351,377,359,411,516,728,549,544
ENSMUSG00000039699,2522,1,0,2,1,3,0,1,0,0,1
ENSMUSG00002076495,120,0,0,0,0,0,0,0,0,0,0
ENSMUSG00000083458,486,26,25,23,39,38,23,27,32,38,15
ENSMUSG00000118181,655,0,0,0,0,0,0,0,0,0,0
ENSMUSG00000104884,59,0,0,0,0,0,0,0,0,0,0
ENSMUSG00000047810,5032,11,23,17,28,49,10,15,23,49,22
ENSMUSG00000024953,2139,592,709,653,760,1456,605,764,1400,1204,1881
ENSMUSG00000038812,1233,360,336,283,228,181,241,300,367,235,171
ENSMUSG00000024955,4414,352,374,302,268,454,242,318,292,295,623
ENSMUSG00000098413,91,0,0,0,0,0,0,0,0,0,0
ENSMUSG00000050623,1262,2,2,5,5,31,1,5,12,5,15
ENSMUSG00000024957,4465,8,16,30,47,238,10,26,55,87,83
ENSMUSG00000024958,3396,414,536,534,601,866,386,597,829,701,817
ENSMUSG00000024959,2558,73,76,87,94,77,74,93,119,99,97
ENSMUSG00000024960,6960,419,439,459,375,294,403,446,348,515,632
ENSMUSG00000056612,1526,2561,2461,1418,1418,270,1500,1699,1912,1244,177
ENSMUSG00000056629,1640,320,356,407,489,817,354,405,829,613,811
ENSMUSG00000024962,1605,326,412,529,492,534,236,469,733,603,478
ENSMUSG00000024963,1240,99,120,112,101,114,113,145,130,112,182
ENSMUSG00000037349,1195,67,66,38,50,30,61,75,88,76,155
ENSMUSG00000047656,1144,93,77,50,65,64,53,81,109,109,101
ENSMUSG00000024965,5784,71,64,84,48,66,55,82,46,73,48
ENSMUSG00000024966,2108,3432,2589,2637,1969,2372,2727,2146,2464,2045,2426
ENSMUSG00002075372,126,0,0,0,0,0,0,0,0,0,2
ENSMUSG00000118062,489,0,0,1,0,0,1,1,0,0,0
ENSMUSG00000084221,635,631,574,419,512,285,513,338,284,385,123
ENSMUSG00000084825,871,0,0,0,0,0,0,0,0,0,0
ENSMUSG00000085285,769,0,0,0,0,0,0,0,0,1,0
ENSMUSG00000118668,3581,45,79,90,123,230,50,73,137,215,211
ENSMUSG00000039652,7414,195,236,315,322,758,401,366,375,435,1037
ENSMUSG00002075338,78,0,0,0,0,0,0,0,0,0,0
ENSMUSG00000097591,1919,0,1,1,1,2,3,2,3,2,6
ENSMUSG00002075087,106,0,0,0,1,0,1,3,1,0,2
ENSMUSG00000023307,2408,1313,1157,860,973,701,1400,905,995,835,676
ENSMUSG00000089143,103,0,0,0,0,0,0,0,0,0,0
ENSMUSG00000056999,7603,974,798,876,958,1325,869,907,774,1287,1157
ENSMUSG00000080885,642,5811,4962,3911,3170,1431,4407,4209,4450,3433,2005
ENSMUSG00000012443,7461,1588,800,460,200,84,405,278,81,233,32
ENSMUSG00000117988,946,8,6,8,16,9,6,4,2,9,8
ENSMUSG00000118211,406,177,139,120,207,92,63,130,146,137,55
ENSMUSG00000102353,1748,1,0,0,0,0,3,5,0,3,2
ENSMUSG00000024986,5056,46,34,35,38,31,36,43,21,19,27
ENSMUSG00002075640,106,0,0,0,0,0,0,0,0,0,0
ENSMUSG00000117800,6582,0,0,0,0,0,0,0,0,0,0
ENSMUSG00000067889,8896,3910,4501,5325,6838,16538,4411,4006,4218,4532,7958
ENSMUSG00000033760,9979,1222,1049,1025,809,370,1265,986,748,773,786
ENSMUSG00000103651,3069,0,0,0,0,0,0,0,0,0,0
ENSMUSG00000094936,4940,108,106,87,91,56,124,110,82,72,86
ENSMUSG00000035818,3628,4,4,6,11,20,11,8,8,26,3
ENSMUSG00000025077,6405,224,162,175,226,194,187,180,135,191,147
ENSMUSG00000120075,584,0,0,0,0,0,0,0,0,0,0
ENSMUSG00000099923,1836,11,16,10,12,11,15,14,13,13,1
ENSMUSG00000117914,2379,0,1,0,2,0,1,1,5,3,0
ENSMUSG00000097091,1120,1,0,0,1,0,0,0,1,1,0
ENSMUSG00000120141,683,2,0,1,3,0,2,4,3,0,1
ENSMUSG00000120136,744,0,0,0,1,0,0,1,0,0,0
ENSMUSG00000119982,442,0,1,0,0,0,0,0,0,0,1
ENSMUSG00000119968,1229,26,17,17,10,12,28,18,17,15,19
ENSMUSG00000119991,608,20,17,19,14,14,16,15,27,9,10
ENSMUSG00000094707,2817,0,0,3,1,9,4,1,2,2,1
ENSMUSG00000117979,942,1,3,2,3,1,1,0,2,1,2
ENSMUSG00000092274,21163,88,99,128,191,325,129,139,66,230,2505
ENSMUSG00000120104,2770,25,39,63,119,125,107,116,192,155,101
ENSMUSG00000120380,706,0,0,0,0,1,0,0,0,0,2
ENSMUSG00000097636,8627,33,31,25,30,32,12,13,14,30,114
ENSMUSG00000117698,2044,19,20,19,22,15,19,17,13,29,16
ENSMUSG00000109695,3521,37,26,36,38,33,73,30,34,43,129
ENSMUSG00000120219,2159,20,12,12,11,4,18,17,6,24,20
ENSMUSG00000097930,3360,4,4,4,5,2,7,4,3,3,4
ENSMUSG00000120446,767,0,0,0,0,0,0,1,0,0,0
ENSMUSG00000120011,708,0,0,0,0,0,0,0,0,1,0
ENSMUSG00000120130,1750,22,25,35,49,21,26,40,12,67,18
ENSMUSG00000117848,3413,4,7,3,7,3,2,6,4,10,1
ENSMUSG00000118150,1151,0,0,1,0,0,0,0,0,0,0
ENSMUSG00000120470,531,1,0,1,0,1,1,1,2,3,0
ENSMUSG00000117718,876,0,1,2,1,1,2,1,2,3,0
ENSMUSG00000120067,820,0,0,0,1,0,0,0,1,0,0
ENSMUSG00000120139,1977,5,5,10,11,6,6,7,0,11,9
ENSMUSG00000087095,5175,137,80,51,41,40,55,85,48,43,10
ENSMUSG00000094732,3972,0,0,0,0,2,0,0,0,0,7
ENSMUSG00000120203,699,0,0,1,0,0,0,0,1,0,0
ENSMUSG00000117655,2867,4,3,2,5,8,5,3,13,12,9
ENSMUSG00000120513,1460,0,0,0,0,0,1,0,0,0,0
ENSMUSG00000120514,726,0,0,0,0,0,0,0,0,0,0
ENSMUSG00000120174,3244,2,2,1,9,7,0,3,6,3,0
ENSMUSG00000120438,2088,1,2,1,1,0,2,4,0,1,0
ENSMUSG00000120396,1880,1,1,5,2,1,1,3,2,2,9
ENSMUSG00000120152,638,0,0,0,1,1,0,0,1,3,0
ENSMUSG00000120068,1411,2,1,1,3,0,1,0,2,3,3
ENSMUSG00000079467,1231,6,11,2,11,11,5,6,6,7,14
ENSMUSG00000101089,1099,0,0,0,0,0,0,0,0,0,0
ENSMUSG00000120551,424,0,0,1,4,6,0,0,1,2,5
ENSMUSG00000120562,907,0,0,0,0,0,0,0,0,0,0
ENSMUSG00000118210,1054,0,0,0,0,0,0,0,0,0,4
ENSMUSG00000117859,1292,0,0,0,0,0,0,0,0,0,0
ENSMUSG00000120254,1461,19,27,21,26,20,7,1,6,4,5
ENSMUSG00000120326,1477,2,1,0,4,0,0,2,3,4,2
ENSMUSG00000118155,3609,0,0,0,0,0,0,0,0,0,1
ENSMUSG00000120593,674,3,4,3,3,2,5,2,5,4,2
ENSMUSG00000100417,6355,15,7,18,14,27,20,17,33,23,14
ENSMUSG00000118245,1494,1,5,4,4,8,0,2,7,8,8
ENSMUSG00000120097,1551,0,0,0,0,0,0,2,0,0,0
ENSMUSG00000120608,1032,0,0,1,3,0,1,3,5,3,6
ENSMUSG00000097785,3585,20,30,35,46,32,32,25,25,35,42
ENSMUSG00000097557,1364,10,6,4,8,4,10,9,4,10,7
ENSMUSG00000053117,7235,343,165,90,64,21,35,39,18,27,11
ENSMUSG00000120626,1157,0,0,0,0,0,0,1,0,1,1
ENSMUSG00000089766,1328,0,3,11,4,0,5,0,3,1,0
ENSMUSG00000120685,605,3,0,2,1,3,2,1,2,4,19
ENSMUSG00000118263,1642,4,9,9,8,10,6,6,7,6,2
ENSMUSG00000120690,885,9,7,4,9,5,6,6,9,12,6
ENSMUSG00000120167,222,4,2,3,1,0,0,0,2,0,2
ENSMUSG00000100392,724,0,0,0,0,0,0,0,0,0,0
ENSMUSG00000043488,2951,0,1,1,3,1,1,0,0,2,2
ENSMUSG00000120718,1096,0,0,0,0,1,0,1,0,1,0
ENSMUSG00000120733,1024,0,0,0,0,0,0,0,0,0,0
ENSMUSG00000120748,621,6,7,3,0,1,1,1,3,3,2
ENSMUSG00000117768,1019,4,9,7,3,0,9,8,6,4,9
ENSMUSG00000117692,2345,0,0,0,0,0,1,1,2,2,0
ENSMUSG00000120776,447,0,0,0,0,0,0,0,0,0,1
ENSMUSG00000118038,2851,2,0,0,0,2,1,2,0,2,6
ENSMUSG00000120787,954,2,0,0,3,1,1,3,0,3,8
ENSMUSG00000086938,2652,3,3,2,2,5,2,2,3,2,3
ENSMUSG00000097855,7852,50,30,46,56,33,41,44,23,58,40
ENSMUSG00000099757,5818,5,4,5,1,0,2,1,0,1,1
ENSMUSG00000120807,463,10,5,6,4,2,7,3,4,6,5
ENSMUSG00000120814,1193,0,0,0,0,0,0,0,0,0,0
ENSMUSG00000120816,276,0,0,0,0,0,0,0,0,0,3
ENSMUSG00000117696,1495,1,1,0,1,5,0,0,0,1,5
ENSMUSG00000087132,3613,3,0,3,1,4,3,5,2,1,22
ENSMUSG00000120425,473,601,431,652,725,843,471,410,878,662,693
ENSMUSG00000120860,1008,0,0,0,1,0,0,0,1,1,0
ENSMUSG00000120878,477,0,1,6,9,2,4,3,1,1,0
ENSMUSG00000120881,598,0,0,0,0,0,0,0,0,0,0
ENSMUSG00000120890,729,0,0,0,0,0,0,1,0,0,0
ENSMUSG00000120891,408,13,9,7,5,4,11,8,8,15,10
ENSMUSG00000120900,1306,0,0,0,0,0,0,0,0,0,0
ENSMUSG00000120901,406,0,0,0,0,0,0,0,0,0,0
ENSMUSG00000097683,4323,57,68,98,74,14,5,6,0,1,0
ENSMUSG00000117990,7163,0,2,1,3,0,3,1,0,2,0
ENSMUSG00000120932,614,0,0,0,0,0,0,0,0,0,0
ENSMUSG00000092341,6988,5315,4846,4750,11700,12142,7143,4115,3997,6967,9707
ENSMUSG00000120362,1080,26,16,26,27,19,14,17,22,35,13
ENSMUSG00000087367,758,2,0,0,0,0,3,1,2,1,1
ENSMUSG00000118087,2056,21,17,22,8,21,9,11,7,8,9
ENSMUSG00000120982,1200,2,1,0,1,1,1,0,0,1,0
ENSMUSG00000075010,1593,1,0,0,1,1,1,1,2,2,7
ENSMUSG00000120701,1668,0,0,0,0,1,0,0,1,0,0
ENSMUSG00000118168,2237,1,1,0,2,1,0,1,0,0,2
ENSMUSG00000120555,487,0,3,1,1,0,1,2,0,0,0
ENSMUSG00000097779,2206,0,1,0,0,0,0,0,0,0,0
ENSMUSG00000110156,2020,26,14,20,27,45,17,17,26,38,44
ENSMUSG00000121016,1728,1,4,2,1,1,0,2,6,1,5
ENSMUSG00000118100,2201,11,5,4,3,2,15,7,4,10,3
ENSMUSG00000067577,3288,2,0,1,0,0,6,2,3,6,0
ENSMUSG00000121027,939,6,3,4,6,0,3,3,2,4,2
ENSMUSG00000087579,5569,2,4,3,4,10,3,0,0,3,3
ENSMUSG00000108414,3011,524,368,227,255,85,359,272,204,245,199
ENSMUSG00000097787,2115,29,21,22,42,25,40,40,24,45,21
ENSMUSG00000121055,352,0,0,0,0,0,0,0,0,0,0
